登録番号,資料名,材質＊,材質＊,材質＊,材質＊,材質＊,材質＊,材質＊,点数＊,状態＊,備考＊,収蔵場所,旧蔵者,受入年月,受入方法,収蔵場所,所蔵者,調査年月,調査者,撮影備考
ODK00001,蠅帳,木,金属,,,,,,1点,,,入り口左手前,旧水沢市民俗資料室,,寄贈,おだき（愛宕）文化財整理室,奥州市,2019年8月,合同会社AMANE,
ODK00002,鳥籠,木,金属,,,,,,1点,,,入り口左手前,旧水沢市民俗資料室,,寄贈,おだき（愛宕）文化財整理室,奥州市,2019年8月,合同会社AMANE,
ODK00003,こたつやぐら,木,,,,,,,1点,破損,,入り口左手前,旧水沢市民俗資料室,,寄贈,おだき（愛宕）文化財整理室,奥州市,2019年8月,合同会社AMANE,
ODK00004,燭台,金属,,,,,,,1点,,,入り口左手前,旧水沢市民俗資料室,,寄贈,おだき（愛宕）文化財整理室,奥州市,2019年8月,合同会社AMANE,
ODK00005,燭台,金属,,,,,,,1点,,,入り口左手前,旧水沢市民俗資料室,,寄贈,おだき（愛宕）文化財整理室,奥州市,2019年8月,合同会社AMANE,
ODK00006,燭台ヵ,木,,,,,,,1点,欠損,,入り口左手前,旧水沢市民俗資料室,,寄贈,おだき（愛宕）文化財整理室,奥州市,2019年8月,合同会社AMANE,
ODK00007,不明（蚕糸関係の道具ヵ）,金属,木,,,,,,1点,,,入り口左手前,旧水沢市民俗資料室,,寄贈,おだき（愛宕）文化財整理室,奥州市,2019年8月,合同会社AMANE,
ODK00008,ダルマストーブ,金属,,,,,,,1揃(2点),,資料本体文字情報のOは文字の上に横線が入る、火かき棒あり,入り口左手前,旧水沢市民俗資料室,,寄贈,おだき（愛宕）文化財整理室,奥州市,2019年8月,合同会社AMANE,
ODK00009,鉄瓶,金属,,,,,,,1点,,釜掛あり,入り口左手前,旧水沢市民俗資料室,,寄贈,おだき（愛宕）文化財整理室,奥州市,2019年8月,合同会社AMANE,
ODK00010,五徳,金属,,,,,,,1点,,,入り口左手前,旧水沢市民俗資料室,,寄贈,おだき（愛宕）文化財整理室,奥州市,2019年8月,合同会社AMANE,
ODK00011,火入れ,陶陶磁器,,,,,,,1点,,灰あり。こたつの一部ヵ。,入り口左手前,旧水沢市民俗資料室,,寄贈,おだき（愛宕）文化財整理室,奥州市,2019年8月,合同会社AMANE,
ODK00012,ふわり（いとけえし）,竹,木,金属,植物繊維,,,,1点,破損（一部）,軸止めをねじで代用。台座あり（ODK00055）,入り口左手前,旧水沢市民俗資料室,,寄贈,おだき（愛宕）文化財整理室,奥州市,2019年8月,合同会社AMANE,
ODK00013,糸繰枠,木,藁,,,,,,1揃(6点),欠損（1点）,わら紐で一連につなげる,入り口左手前,旧水沢市民俗資料室,,寄贈,おだき（愛宕）文化財整理室,奥州市,2019年8月,合同会社AMANE,
ODK00014,糸繰枠,木,,,,,,,1点,,,入り口左手前,旧水沢市民俗資料室,,寄贈,おだき（愛宕）文化財整理室,奥州市,2019年8月,合同会社AMANE,
ODK00015,糸繰枠,木,植物繊維,,,,,,1点,,木綿糸ヵ巻かれている,入り口左手前,旧水沢市民俗資料室,,寄贈,おだき（愛宕）文化財整理室,奥州市,2019年8月,合同会社AMANE,
ODK00016,糸繰枠,木,紙,,,,,,1揃(2点),,紙紐で一連につなげる,入り口左手前,旧水沢市民俗資料室,,寄贈,おだき（愛宕）文化財整理室,奥州市,2019年8月,合同会社AMANE,
ODK00017,糸繰枠,木,植物繊維,,,,,,1点,,糸が巻かれている,入り口左手前,旧水沢市民俗資料室,,寄贈,おだき（愛宕）文化財整理室,奥州市,2019年8月,合同会社AMANE,
ODK00018,糸繰枠,木,植物繊維,,,,,,1点,,糸が巻かれている,入り口左手前,旧水沢市民俗資料室,,寄贈,おだき（愛宕）文化財整理室,奥州市,2019年8月,合同会社AMANE,
ODK00019,椅子,木,金属,,,,,,1点,,,入り口左手前,旧水沢市民俗資料室,,寄贈,おだき（愛宕）文化財整理室,奥州市,2019年8月,合同会社AMANE,
ODK00020,椅子,木,金属,,,,,,1点,,,入り口左手前,旧水沢市民俗資料室,,寄贈,おだき（愛宕）文化財整理室,奥州市,2019年8月,合同会社AMANE,
ODK00021,編物機,木,木,,,,,,1点,,付札2枚,入り口左手前,旧水沢市民俗資料室,,寄贈,おだき（愛宕）文化財整理室,奥州市,2019年8月,合同会社AMANE,
ODK00022,壁掛け時計,木(漆),金属,合成樹脂,,,,,1揃(2点),,振り子が外れている。文字盤の数字は印刷。ゼンマイを回すネジあり。,入り口左手前,旧水沢市民俗資料室,,寄贈,おだき（愛宕）文化財整理室,奥州市,2019年8月,合同会社AMANE,
ODK00023,花籠,竹,陶磁器,,,,,,1揃(2点),,,入り口左手前,旧水沢市民俗資料室,,寄贈,おだき（愛宕）文化財整理室,奥州市,2019年8月,合同会社AMANE,
ODK00024,こたつやぐら,木,,,,,,,1点,,,入り口左手前,旧水沢市民俗資料室,,寄贈,おだき（愛宕）文化財整理室,奥州市,2019年8月,合同会社AMANE,
ODK00025,宣徳火鉢,金属,木,,,,,,1点,,,入り口左手前,旧水沢市民俗資料室,,寄贈,おだき（愛宕）文化財整理室,奥州市,2019年8月,合同会社AMANE,
ODK00026,宣徳火鉢,金属,木,,,,,,1点,,灰・新聞紙あり,入り口左手前,旧水沢市民俗資料室,,寄贈,おだき（愛宕）文化財整理室,奥州市,2019年8月,合同会社AMANE,
ODK00027,宣徳火鉢,金属,木,,,,,,1揃(2点),,台座が別にあり,入り口左手前,旧水沢市民俗資料室,,寄贈,おだき（愛宕）文化財整理室,奥州市,2019年8月,合同会社AMANE,
ODK00028,まぶしおりき,金属,木,,,,,,1点,,,入り口左手前,旧水沢市民俗資料室,,寄贈,おだき（愛宕）文化財整理室,奥州市,2019年8月,合同会社AMANE,
ODK00029,草履（底部分のみ）,藁,,,,,,,1揃(50足ヵ),カビ,,入り口左手前,旧水沢市民俗資料室,,寄贈,おだき（愛宕）文化財整理室,奥州市,2019年8月,合同会社AMANE,
ODK00030,籠,竹,植物繊維,,,,,,1点,,,入り口左手前,旧水沢市民俗資料室,,寄贈,おだき（愛宕）文化財整理室,奥州市,2019年8月,合同会社AMANE,
ODK00031,刀掛,木,その他,,,,,,1点,,装飾有り,入り口左手前,旧水沢市民俗資料室,,寄贈,おだき（愛宕）文化財整理室,奥州市,2019年8月,合同会社AMANE,
ODK00032,火入れ,陶陶磁器,,,,,,,1点,,こたつの一部ヵ。,入り口左手前,旧水沢市民俗資料室,,寄贈,おだき（愛宕）文化財整理室,奥州市,2019年8月,合同会社AMANE,
ODK00033,花籠,金属,植物繊維,竹,,,,,1点,,,入り口左手前,旧水沢市民俗資料室,,寄贈,おだき（愛宕）文化財整理室,奥州市,2019年8月,合同会社AMANE,
ODK00034,看板,金属,,,,,,,1点,,,入り口左手前,旧水沢市民俗資料室,,寄贈,おだき（愛宕）文化財整理室,奥州市,2019年8月,合同会社AMANE,
ODK00035,葛籠,植物繊維,竹,その他（柿渋）,,,,,1点,,内部に文書入封筒二袋あり。,入り口左手前,旧水沢市民俗資料室,,寄贈,おだき（愛宕）文化財整理室,奥州市,2019年8月,合同会社AMANE,
ODK00036,木箱,木,,,,,,,1点,,ODK00037-ODK00042までODK00036の木箱入り。,入り口左手前,旧水沢市民俗資料室,,寄贈,おだき（愛宕）文化財整理室,奥州市,2019年8月,合同会社AMANE,
ODK00037,缶箱,金属,,,,,,,1点,　,ODK00037-ODK00042までODK00036の木箱入り。,入り口左手前,旧水沢市民俗資料室,,寄贈,おだき（愛宕）文化財整理室,奥州市,2019年8月,合同会社AMANE,
ODK00038,将棋の駒他,木,金属,紙,,,,,1揃(27点),,ODK00037-ODK00042までODK00036の木箱入り。駒22点、鍵2点、缶箱１点、その他２点。,入り口左手前,旧水沢市民俗資料室,,寄贈,おだき（愛宕）文化財整理室,奥州市,2019年8月,合同会社AMANE,
ODK00039,木,木,,,,,,,1揃(8点),,ODK00037-ODK00042までODK00036の木箱入り。,入り口左手前,旧水沢市民俗資料室,,寄贈,おだき（愛宕）文化財整理室,奥州市,2019年8月,合同会社AMANE,
ODK00040,茶筒,金属,,,,,,,1点,,ODK00037-ODK00042までODK00036の木箱入り。,入り口左手前,旧水沢市民俗資料室,,寄贈,おだき（愛宕）文化財整理室,奥州市,2019年8月,合同会社AMANE,
ODK00041,缶箱,金属,,,,,,,1点,,ODK00037-ODK00042までODK00036の木箱入り。,入り口左手前,旧水沢市民俗資料室,,寄贈,おだき（愛宕）文化財整理室,奥州市,2019年8月,合同会社AMANE,
ODK00042,缶箱,金属,,,,,,,1点,,ODK00037-ODK00042までODK00036の木箱入り。文字情報は00041と同じ。,入り口左手前,旧水沢市民俗資料室,,寄贈,おだき（愛宕）文化財整理室,奥州市,2019年8月,合同会社AMANE,
ODK00043,軸箱,木,金属,,,,,,1点,,箱に古文書あり。,入り口左手前,旧水沢市民俗資料室,,寄贈,おだき（愛宕）文化財整理室,奥州市,2019年8月,合同会社AMANE,
ODK00044,双眼望遠鏡,金属,合成樹脂,,,,,,1点,,,入り口左手前,旧水沢市民俗資料室,,寄贈,おだき（愛宕）文化財整理室,奥州市,2019年8月,合同会社AMANE,
ODK00045,行火炬燵,木,陶磁器,,,,,,1点,,炭と灰あり。,入り口左手前,旧水沢市民俗資料室,,寄贈,おだき（愛宕）文化財整理室,奥州市,2019年8月,合同会社AMANE,
ODK00046,炭火アイロン,金属,合成樹脂,植物繊維,,,,,1揃(3点),,木箱入り。,入り口左手前,旧水沢市民俗資料室,,寄贈,おだき（愛宕）文化財整理室,奥州市,2019年8月,合同会社AMANE,
ODK00047,篩,木,金属,,,,,,1点,,,入り口左手前,旧水沢市民俗資料室,,寄贈,おだき（愛宕）文化財整理室,奥州市,2019年8月,合同会社AMANE,
ODK00048,枕ヵ,陶陶磁器,金属,植物繊維,,,,,1点,,,入り口左手前,旧水沢市民俗資料室,,寄贈,おだき（愛宕）文化財整理室,奥州市,2019年8月,合同会社AMANE,
ODK00049,木べら,木,,,,,,,1点,,ラケット状,入り口左手前,旧水沢市民俗資料室,,寄贈,おだき（愛宕）文化財整理室,奥州市,2019年8月,合同会社AMANE,
ODK00050,花瓶（仏壇用ヵ）,金属,,,,,,,1点,破損,修復跡あり。,入り口左手前,旧水沢市民俗資料室,,寄贈,おだき（愛宕）文化財整理室,奥州市,2019年8月,合同会社AMANE,
ODK00051,斗掻ヵ,木,紙,,,,,,2点,,,入り口左手前,旧水沢市民俗資料室,,寄贈,おだき（愛宕）文化財整理室,奥州市,2019年8月,合同会社AMANE,
ODK00052,金属トレイ,金属,,,,,,,1点,,,入り口左手前,旧水沢市民俗資料室,,寄贈,おだき（愛宕）文化財整理室,奥州市,2019年8月,合同会社AMANE,
ODK00053,炭入れヵ（コンロヵ）,金属,,,,,,,1点,,バーベキューの道具のようなものか。中に炭を入れて使用する。,入り口左手前,旧水沢市民俗資料室,,寄贈,おだき（愛宕）文化財整理室,奥州市,2019年8月,合同会社AMANE,
ODK00054,行火炬燵,木,陶磁器,,,,,,1揃(2点),破損,,入り口左手前,旧水沢市民俗資料室,,寄贈,おだき（愛宕）文化財整理室,奥州市,2019年8月,合同会社AMANE,
ODK00055,ふわり（いとけえし）,木,金属,植物繊維,,,,,1点,欠損,ODK00012の台座,入り口左手前,旧水沢市民俗資料室,,寄贈,おだき（愛宕）文化財整理室,奥州市,2019年8月,合同会社AMANE,
ODK00056,火鉢,陶陶磁器,,,,,,,1点,,灰あり。,入り口左手前,旧水沢市民俗資料室,,寄贈,おだき（愛宕）文化財整理室,奥州市,2019年8月,合同会社AMANE,
ODK00057,火鉢,陶陶磁器,,,,,,,1点,,灰あり。,入り口左手前,旧水沢市民俗資料室,,寄贈,おだき（愛宕）文化財整理室,奥州市,2019年8月,合同会社AMANE,
ODK00058,金属筒,金属,,,,,,,1点,,,入り口左手前,旧水沢市民俗資料室,,寄贈,おだき（愛宕）文化財整理室,奥州市,2019年8月,合同会社AMANE,
ODK00059,火入れ,木,金属,,,,,,1点,,灰あり。,入り口左手前,旧水沢市民俗資料室,,寄贈,おだき（愛宕）文化財整理室,奥州市,2019年8月,合同会社AMANE,
ODK00060,木製法螺貝,木,金属,,,,,,1点,,,入り口左手前,旧水沢市民俗資料室,,寄贈,おだき（愛宕）文化財整理室,奥州市,2019年8月,合同会社AMANE,
ODK00061,葛籠,植物繊維,竹,,,,,,1点,,,入り口左手前,旧水沢市民俗資料室,,寄贈,おだき（愛宕）文化財整理室,奥州市,2019年8月,合同会社AMANE,
ODK00062,籠（花嫁用）,竹,植物繊維,金属,木,,,,1点,,,入り口左手前,旧水沢市民俗資料室,,寄贈,おだき（愛宕）文化財整理室,奥州市,2019年8月,合同会社AMANE,
ODK00063,籠（花嫁用）,竹,植物繊維,金属,木,,,,1点,破損,,入り口左手前,旧水沢市民俗資料室,,寄贈,おだき（愛宕）文化財整理室,奥州市,2019年8月,合同会社AMANE,
ODK00064,傘,竹,金属,紙,革,植物繊維,木,その他(塗りあり),1点,,,入り口左手前,旧水沢市民俗資料室,,寄贈,おだき（愛宕）文化財整理室,奥州市,2019年8月,合同会社AMANE,
ODK00065,傘,竹,金属,紙,革,植物繊維,木,その他(塗りあり),1点,破損,,入り口左手前,旧水沢市民俗資料室,,寄贈,おだき（愛宕）文化財整理室,奥州市,2019年8月,合同会社AMANE,
ODK00066,傘,竹,金属,紙,植物繊維,木,その他(塗りあり),,1点,破損,,入り口左手前,旧水沢市民俗資料室,,寄贈,おだき（愛宕）文化財整理室,奥州市,2019年8月,合同会社AMANE,
ODK00067,傘,竹,金属,紙,植物繊維,木,その他(塗りあり),,1点,,付紙破れた。,入り口左手前,旧水沢市民俗資料室,,寄贈,おだき（愛宕）文化財整理室,奥州市,2019年8月,合同会社AMANE,
ODK00068,鋏,木,金属,,,,,,1点,,,入り口左手前,旧水沢市民俗資料室,,寄贈,おだき（愛宕）文化財整理室,奥州市,2019年8月,合同会社AMANE,
ODK00069,糸車,木,竹,植物繊維,金属,,,,1点,,,入り口左手前,旧水沢市民俗資料室,,寄贈,おだき（愛宕）文化財整理室,奥州市,2019年8月,合同会社AMANE,ホワイトボード忘れ
ODK00070,糸車,木,竹,植物繊維,金属,,,,1点,,,入り口左手前,旧水沢市民俗資料室,,寄贈,おだき（愛宕）文化財整理室,奥州市,2019年8月,合同会社AMANE,ホワイトボード忘れ
ODK00071,糸車,木,竹,植物繊維,金属,,,,1点,,,入り口左手前,旧水沢市民俗資料室,,寄贈,おだき（愛宕）文化財整理室,奥州市,2019年8月,合同会社AMANE,ホワイトボード忘れ
ODK00072,糸車,木,竹,植物繊維,,,,,1点,,,入り口左手前,旧水沢市民俗資料室,,寄贈,おだき（愛宕）文化財整理室,奥州市,2019年8月,合同会社AMANE,ホワイトボード忘れ
ODK00073,糸車,木,竹,植物繊維,金属,,,,1点,破損,穴にさしこんだ木の棒あり。,入り口左手前,旧水沢市民俗資料室,,寄贈,おだき（愛宕）文化財整理室,奥州市,2019年8月,合同会社AMANE,ホワイトボード忘れ
ODK00074,糸車,木,竹,植物繊維,金属,,,,1点,,,入り口左手前,旧水沢市民俗資料室,,寄贈,おだき（愛宕）文化財整理室,奥州市,2019年8月,合同会社AMANE,
ODK00075,糸車,木,竹,植物繊維,金属,,,,1点,,,入り口左手前,旧水沢市民俗資料室,,寄贈,おだき（愛宕）文化財整理室,奥州市,2019年8月,合同会社AMANE,
ODK00076,望遠鏡,金属,ガラス,,,,,,1揃(部品複数あり),カビ,木箱入り。部品複数あり。,入り口左手前,旧水沢市民俗資料室,,寄贈,おだき（愛宕）文化財整理室,奥州市,2019年8月,合同会社AMANE,
ODK00077,風呂桶,木,竹,金属,,,,,1点,,関係ないメモ紙あり。,入り口左手前,旧水沢市民俗資料室,,寄贈,おだき（愛宕）文化財整理室,奥州市,2019年8月,合同会社AMANE,
ODK00078,箪笥,木,金属,その他(塗り ),,,,,1点,破損（一部）,各抽斗に物あり。抽斗1：かんざし・糸・東北漁網撚糸工業組合の用品等、抽斗2：七夕短冊・飾り等、抽斗3：洗剤・化粧品・そろばん等、抽斗4：鋏・毛糸・文書等、抽斗5：綿・櫛・糸巻等、抽斗6：糸・布等。,入り口左手前,旧水沢市民俗資料室,,寄贈,おだき（愛宕）文化財整理室,奥州市,2019年8月,合同会社AMANE,
ODK00079,長持ヵ,木,金属,,,,,,1点,,中に物あり。傘・毬・漆塗酒器等。,入り口左手前,旧水沢市民俗資料室,,寄贈,おだき（愛宕）文化財整理室,奥州市,2019年8月,合同会社AMANE,
ODK00080,箪笥,木,金属,,,,,,1点,破損（一部）,各抽斗に物あり。抽斗1：鋸・鼻緒・金槌等草履づくり道具類ヵ、抽斗2：糸・ハーモニカ・鉛筆等、抽斗3鼻緒・鼻緒の芯、抽斗4：鼻緒・草履作りの道具類ヵ、抽斗5：鼻緒・草履の底・眼鏡・古文書等、抽斗6：鼻緒・草履の底型・金槌・金具・草履作りの道具類ヵ、抽斗7：古文書・糸玉・鼻緒・草履作りの道具類ヵ。,入り口左手前,旧水沢市民俗資料室,,寄贈,おだき（愛宕）文化財整理室,奥州市,2019年8月,合同会社AMANE,
ODK00081,靴（冬用）,合成繊維,金属,,,,,,1対(2点),,,入り口左手前,旧水沢市民俗資料室,,寄贈,おだき（愛宕）文化財整理室,奥州市,2019年8月,合同会社AMANE,
ODK00082,まんさく,木,,,,,,,1対(2点),,,入り口左手前,旧水沢市民俗資料室,,寄贈,おだき（愛宕）文化財整理室,奥州市,2019年8月,合同会社AMANE,
ODK00083,まんさく,木,,,,,,,1対(2点),,,入り口左手前,旧水沢市民俗資料室,,寄贈,おだき（愛宕）文化財整理室,奥州市,2019年8月,合同会社AMANE,
ODK00084,鼻緒,植物繊維,,,,,,,1揃(複数),,,入り口左手前,旧水沢市民俗資料室,,寄贈,おだき（愛宕）文化財整理室,奥州市,2019年8月,合同会社AMANE,
ODK00085,鼻緒,植物繊維,,,,,,,1揃(複数),,,入り口左手前,旧水沢市民俗資料室,,寄贈,おだき（愛宕）文化財整理室,奥州市,2019年8月,合同会社AMANE,
ODK00086,鼻緒,植物繊維,,,,,,,1揃(複数),,,入り口左手前,旧水沢市民俗資料室,,寄贈,おだき（愛宕）文化財整理室,奥州市,2019年8月,合同会社AMANE,
ODK00087,鼻緒,植物繊維,,,,,,,1揃(複数),,,入り口左手前,旧水沢市民俗資料室,,寄贈,おだき（愛宕）文化財整理室,奥州市,2019年8月,合同会社AMANE,
ODK00088,鼻緒,植物繊維,,,,,,,1揃(複数),,,入り口左手前,旧水沢市民俗資料室,,寄贈,おだき（愛宕）文化財整理室,奥州市,2019年8月,合同会社AMANE,
ODK00089,鼻緒,植物繊維,藁,,,,,,1揃(複数),,,入り口左手前,旧水沢市民俗資料室,,寄贈,おだき（愛宕）文化財整理室,奥州市,2019年8月,合同会社AMANE,
ODK00090,草履（底）,植物繊維,藁,紙,,,,,1揃(20点),,,入り口左手前,旧水沢市民俗資料室,,寄贈,おだき（愛宕）文化財整理室,奥州市,2019年8月,合同会社AMANE,
ODK00091,草履（底）,植物繊維,藁,紙,,,,,1揃(20点),,,入り口左手前,旧水沢市民俗資料室,,寄贈,おだき（愛宕）文化財整理室,奥州市,2019年8月,合同会社AMANE,
ODK00092,草履（底）,植物繊維,藁,紙,,,,,1揃(20点),,,入り口左手前,旧水沢市民俗資料室,,寄贈,おだき（愛宕）文化財整理室,奥州市,2019年8月,合同会社AMANE,
ODK00093,木箱,木,金属,,,,,,1点,,中に物あり。下駄、鼻緒等。,入り口左手前,旧水沢市民俗資料室,,寄贈,おだき（愛宕）文化財整理室,奥州市,2019年8月,合同会社AMANE,
ODK00094,蓋,木,金属,,,,,,1点,,,入り口左手前,旧水沢市民俗資料室,,寄贈,おだき（愛宕）文化財整理室,奥州市,2019年8月,合同会社AMANE,
ODK00095,長持,木,金属,,,,,,1点,,車輪付き。中に物あり。綛・すだれ・藁等。,入り口左奥,旧水沢市民俗資料室,,寄贈,おだき（愛宕）文化財整理室,奥州市,2019年8月,合同会社AMANE,
ODK00096,綱,藁,,,,,,,1点,,,入り口左奥,旧水沢市民俗資料室,,寄贈,おだき（愛宕）文化財整理室,奥州市,2019年8月,合同会社AMANE,
ODK00097,籠,竹,金属,,,,,,1点,破損（一部）,,入り口左奥,旧水沢市民俗資料室,,寄贈,おだき（愛宕）文化財整理室,奥州市,2019年8月,合同会社AMANE,
ODK00098,牛のくつわ,植物繊維,,,,,,,1点,,,入り口左奥,旧水沢市民俗資料室,,寄贈,おだき（愛宕）文化財整理室,奥州市,2019年8月,合同会社AMANE,
ODK00099,焼印「中林」（6）,木,金属,,,,,,1点,,ODK00099からODK00107まで括り。,入り口左奥,旧水沢市民俗資料室,,寄贈,おだき（愛宕）文化財整理室,奥州市,2019年8月,合同会社AMANE,
ODK00100,刃物,木,金属,,,,,,1点,,ODK00099からODK00107まで括り。,入り口左奥,旧水沢市民俗資料室,,寄贈,おだき（愛宕）文化財整理室,奥州市,2019年8月,合同会社AMANE,
ODK00101,焼印「水沢中林」,木,金属,,,,,,1点,,ODK00099からODK00107まで括り。,入り口左奥,旧水沢市民俗資料室,,寄贈,おだき（愛宕）文化財整理室,奥州市,2019年8月,合同会社AMANE,
ODK00102,焼印「大」,金属,,,,,,,1点,,ODK00099からODK00107まで括り。,入り口左奥,旧水沢市民俗資料室,,寄贈,おだき（愛宕）文化財整理室,奥州市,2019年8月,合同会社AMANE,
ODK00103,焼印「中」,木,金属,,,,,,1点,,ODK00099からODK00107まで括り。,入り口左奥,旧水沢市民俗資料室,,寄贈,おだき（愛宕）文化財整理室,奥州市,2019年8月,合同会社AMANE,
ODK00104,焼印「塩」,木,金属,,,,,,1点,,ODK00099からODK00107まで括り。,入り口左奥,旧水沢市民俗資料室,,寄贈,おだき（愛宕）文化財整理室,奥州市,2019年8月,合同会社AMANE,
ODK00105,鏝,木,金属,,,,,,1点,,ODK00099からODK00107まで括り。,入り口左奥,旧水沢市民俗資料室,,寄贈,おだき（愛宕）文化財整理室,奥州市,2019年8月,合同会社AMANE,
ODK00106,焼しるし付け,木,金属,,,,,,1点,,ODK00099からODK00107まで括り。,入り口左奥,旧水沢市民俗資料室,,寄贈,おだき（愛宕）文化財整理室,奥州市,2019年8月,合同会社AMANE,
ODK00107,焼印「中」,木,金属,植物繊維,,,,,1点,,ODK00099からODK00107まで括り。,入り口左奥,旧水沢市民俗資料室,,寄贈,おだき（愛宕）文化財整理室,奥州市,2019年8月,合同会社AMANE,
ODK00108,馬具,植物繊維,,,,,,,1点,,,入り口左奥,旧水沢市民俗資料室,,寄贈,おだき（愛宕）文化財整理室,奥州市,2019年8月,合同会社AMANE,
ODK00109,馬のさど掛け,植物繊維,,,,,,,1点,,,入り口左奥,旧水沢市民俗資料室,,寄贈,おだき（愛宕）文化財整理室,奥州市,2019年8月,合同会社AMANE,
ODK00110,馬のさど掛け,植物繊維,,,,,,,1点,,,入り口左奥,旧水沢市民俗資料室,,寄贈,おだき（愛宕）文化財整理室,奥州市,2019年8月,合同会社AMANE,
ODK00111,馬の藁沓（まぐつ）,藁,植物繊維,,,,,,1対(2点),,,入り口左奥,旧水沢市民俗資料室,,寄贈,おだき（愛宕）文化財整理室,奥州市,2019年8月,合同会社AMANE,
ODK00112,馬のくちかご,藁,,,,,,,1点,,,入り口左奥,旧水沢市民俗資料室,,寄贈,おだき（愛宕）文化財整理室,奥州市,2019年8月,合同会社AMANE,
ODK00113,馬のくちかご,藁,,,,,,,1点,,,入り口左奥,旧水沢市民俗資料室,,寄贈,おだき（愛宕）文化財整理室,奥州市,2019年8月,合同会社AMANE,
ODK00114,馬のくちかご,藁,,,,,,,1点,,,入り口左奥,旧水沢市民俗資料室,,寄贈,おだき（愛宕）文化財整理室,奥州市,2019年8月,合同会社AMANE,
ODK00115,縄,藁,植物繊維,,,,,,1点,,,入り口左奥,旧水沢市民俗資料室,,寄贈,おだき（愛宕）文化財整理室,奥州市,2019年8月,合同会社AMANE,
ODK00116,草鞋,藁,植物繊維,,,,,,1対(2点),,,入り口左奥,旧水沢市民俗資料室,,寄贈,おだき（愛宕）文化財整理室,奥州市,2019年8月,合同会社AMANE,
ODK00117,はんばきヵ,藁,植物繊維,,,,,,1対(2点),,,入り口左奥,旧水沢市民俗資料室,,寄贈,おだき（愛宕）文化財整理室,奥州市,2019年8月,合同会社AMANE,
ODK00118,はだこもヵ,藁,植物繊維,,,,,,1点,,,入り口左奥,旧水沢市民俗資料室,,寄贈,おだき（愛宕）文化財整理室,奥州市,2019年8月,合同会社AMANE,
ODK00119,背負籠（こだし）,藁,植物繊維,,,,,,1点,,,入り口左奥,旧水沢市民俗資料室,,寄贈,おだき（愛宕）文化財整理室,奥州市,2019年8月,合同会社AMANE,
ODK00120,笊,木,竹,植物繊維,,,,,1点,,,入り口左奥,旧水沢市民俗資料室,,寄贈,おだき（愛宕）文化財整理室,奥州市,2019年8月,合同会社AMANE,
ODK00121,笊,木,竹,植物繊維,,,,,1点,,,入り口左奥,旧水沢市民俗資料室,,寄贈,おだき（愛宕）文化財整理室,奥州市,2019年8月,合同会社AMANE,
ODK00122,じょうご,竹,木,植物繊維,,,,,1点,,底に穴が空いている。,入り口左奥,旧水沢市民俗資料室,,寄贈,おだき（愛宕）文化財整理室,奥州市,2019年8月,合同会社AMANE,
ODK00123,籠（糸かえし籠ヵ）,竹,植物繊維,,,,,,1点,,底に穴が空いている。,入り口左奥,旧水沢市民俗資料室,,寄贈,おだき（愛宕）文化財整理室,奥州市,2019年8月,合同会社AMANE,
ODK00124,籠（糸かえし籠ヵ）,竹,植物繊維,,,,,,1点,,底に穴が空いている。,入り口左奥,旧水沢市民俗資料室,,寄贈,おだき（愛宕）文化財整理室,奥州市,2019年8月,合同会社AMANE,
ODK00125,籠（糸かえし籠ヵ）,竹,植物繊維,,,,,,1点,,底に穴が空いている。,入り口左奥,旧水沢市民俗資料室,,寄贈,おだき（愛宕）文化財整理室,奥州市,2019年8月,合同会社AMANE,
ODK00126,籠（糸かえし籠ヵ）,竹,植物繊維,,,,,,1点,,底に穴が空いている。,入り口左奥,旧水沢市民俗資料室,,寄贈,おだき（愛宕）文化財整理室,奥州市,2019年8月,合同会社AMANE,
ODK00127,籠（糸かえし籠ヵ）,竹,植物繊維,,,,,,1点,,底に穴が空いている。胴体部分に糸が巻かれている。,入り口左奥,旧水沢市民俗資料室,,寄贈,おだき（愛宕）文化財整理室,奥州市,2019年8月,合同会社AMANE,
ODK00128,籠,竹,藁,,,,,,1点,,藁紐付き,入り口左奥,旧水沢市民俗資料室,,寄贈,おだき（愛宕）文化財整理室,奥州市,2019年8月,合同会社AMANE,
ODK00129,籠（オモゲ又は糸かえし籠ヵ）,竹,植物繊維,紙,,,,,1点,,底に穴が空いている。胴体部分に新聞紙が巻かれ、その上にさらに糸が巻かれている。,入り口左奥,旧水沢市民俗資料室,,寄贈,おだき（愛宕）文化財整理室,奥州市,2019年8月,合同会社AMANE,
ODK00130,籠（オモゲ又は糸かえし籠ヵ）,竹,植物繊維,,,,,,1点,,底に穴が空いている。胴体部分に糸が巻かれている。,入り口左奥,旧水沢市民俗資料室,,寄贈,おだき（愛宕）文化財整理室,奥州市,2019年8月,合同会社AMANE,
ODK00131,籠（糸かえし籠ヵ）,竹,植物繊維,,,,,,1点,,底に穴が空いている。胴体部分に糸が巻かれている。,入り口左奥,旧水沢市民俗資料室,,寄贈,おだき（愛宕）文化財整理室,奥州市,2019年8月,合同会社AMANE,
ODK00132,籠,竹,植物繊維,金属,,,,,1点,,ひも2箇所つき,入り口左奥,旧水沢市民俗資料室,,寄贈,おだき（愛宕）文化財整理室,奥州市,2019年8月,合同会社AMANE,
ODK00133,籠,竹,植物繊維,金属,,,,,1点,,ひも2箇所つき,入り口左奥,旧水沢市民俗資料室,,寄贈,おだき（愛宕）文化財整理室,奥州市,2019年8月,合同会社AMANE,
ODK00134,刀箪笥,木,金属,,,,,,1点,,,入り口左奥,旧水沢市民俗資料室,,寄贈,おだき（愛宕）文化財整理室,奥州市,2019年8月,合同会社AMANE,
ODK00135,飼葉桶,木,金属,藁,,,,,1点,,付紙「C-6/畜産」。ODK00136〜00138までODK00135飼葉桶入り。,入り口左奥,旧水沢市民俗資料室,,寄贈,おだき（愛宕）文化財整理室,奥州市,2019年8月,合同会社AMANE,
ODK00136,牛のくびき,木,藁,金属,植物繊維,,,,1点,,ODK00136〜00138までODK00135飼葉桶入り。,入り口左奥,旧水沢市民俗資料室,,寄贈,おだき（愛宕）文化財整理室,奥州市,2019年8月,合同会社AMANE,
ODK00137,あぶみ,金属,植物繊維,,,,,,1点,,ODK00136〜00138までODK00135飼葉桶入り。,入り口左奥,旧水沢市民俗資料室,,寄贈,おだき（愛宕）文化財整理室,奥州市,2019年8月,合同会社AMANE,
ODK00138,馬金具,金属,藁,革,合成樹脂,,,,1点,,ODK00136〜00138までODK00135飼葉桶入り。,入り口左奥,旧水沢市民俗資料室,,寄贈,おだき（愛宕）文化財整理室,奥州市,2019年8月,合同会社AMANE,
ODK00139,押切,金属,木,,,,,,1点,,,入り口左奥,旧水沢市民俗資料室,,寄贈,おだき（愛宕）文化財整理室,奥州市,2019年8月,合同会社AMANE,
ODK00140,鞍,金属,木,,,,,,1点,,,入り口左奥,旧水沢市民俗資料室,,寄贈,おだき（愛宕）文化財整理室,奥州市,2019年8月,合同会社AMANE,
ODK00141,荷鞍,金属,木,藁,,,,,1点,,,入り口左奥,旧水沢市民俗資料室,,寄贈,おだき（愛宕）文化財整理室,奥州市,2019年8月,合同会社AMANE,
ODK00142,ネジ,金属,,,,,,,1点,,,入り口左奥,旧水沢市民俗資料室,,寄贈,おだき（愛宕）文化財整理室,奥州市,2019年8月,合同会社AMANE,
ODK00143,縄,藁,,,,,,,1点,,,入り口左奥,旧水沢市民俗資料室,,寄贈,おだき（愛宕）文化財整理室,奥州市,2019年8月,合同会社AMANE,
ODK00144,馬のくびき,木,革,金属,藁,植物繊維,,,1点,,,入り口左奥,旧水沢市民俗資料室,,寄贈,おだき（愛宕）文化財整理室,奥州市,2019年8月,合同会社AMANE,
ODK00145,馬のくびき,木,藁,金属,植物繊維,革ヵ,,,1点,,,入り口左奥,旧水沢市民俗資料室,,寄贈,おだき（愛宕）文化財整理室,奥州市,2019年8月,合同会社AMANE,
ODK00146,馬のくびき,木,藁,植物繊維,革,金属,,,1点,,,入り口左奥,旧水沢市民俗資料室,,寄贈,おだき（愛宕）文化財整理室,奥州市,2019年8月,合同会社AMANE,
ODK00147,鞍,金属,革,植物繊維,木,,,,1点,,,入り口左奥,旧水沢市民俗資料室,,寄贈,おだき（愛宕）文化財整理室,奥州市,2019年8月,合同会社AMANE,
ODK00148,鞍,木,金属,藁,竹,,,,1点,,,入り口左奥,旧水沢市民俗資料室,,寄贈,おだき（愛宕）文化財整理室,奥州市,2019年8月,合同会社AMANE,
ODK00149,鞍,木,藁,植物繊維,金属,,,,1点,,,入り口左奥,旧水沢市民俗資料室,,寄贈,おだき（愛宕）文化財整理室,奥州市,2019年8月,合同会社AMANE,
ODK00150,活動写真機,金属,合成樹脂,ガラス,,,,,1揃(部品複数),,箱入り,入り口左奥,旧水沢市民俗資料室,,寄贈,おだき（愛宕）文化財整理室,奥州市,2019年8月,合同会社AMANE,
ODK00151,ハンドル高速編物機,金属,合成樹脂,,,,,,1揃(部品複数),,箱入り。編み物あり。,入り口左奥,旧水沢市民俗資料室,,寄贈,おだき（愛宕）文化財整理室,奥州市,2019年8月,合同会社AMANE,
ODK00152,箱ソリ,金属,木,,,,,,1点,,,入り口左奥,旧水沢市民俗資料室,,寄贈,おだき（愛宕）文化財整理室,奥州市,2019年8月,合同会社AMANE,
ODK00153,箱ソリ,金属,木,,,,,,1点,,,入り口左奥,旧水沢市民俗資料室,,寄贈,おだき（愛宕）文化財整理室,奥州市,2019年8月,合同会社AMANE,
ODK00154,手樽,木,竹,,,,,,1点,,,入り口左奥,旧水沢市民俗資料室,,寄贈,おだき（愛宕）文化財整理室,奥州市,2019年8月,合同会社AMANE,
ODK00155,ウケ,木,竹,食物繊維,,,,,1点,,,入り口左奥,旧水沢市民俗資料室,,寄贈,おだき（愛宕）文化財整理室,奥州市,2019年8月,合同会社AMANE,
ODK00156,みの（けら）,藁,食物繊維,,,,,,1点,,,入り口左奥,旧水沢市民俗資料室,,寄贈,おだき（愛宕）文化財整理室,奥州市,2019年8月,合同会社AMANE,
ODK00157,みの（けら）,藁,食物繊維,,,,,,1点,,,入り口左奥,旧水沢市民俗資料室,,寄贈,おだき（愛宕）文化財整理室,奥州市,2019年8月,合同会社AMANE,
ODK00158,みの（けら）,藁,食物繊維,,,,,,1点,,,入り口左奥,旧水沢市民俗資料室,,寄贈,おだき（愛宕）文化財整理室,奥州市,2019年8月,合同会社AMANE,
ODK00159,蓋置,藁,,,,,,,1点,,,入り口左奥,旧水沢市民俗資料室,,寄贈,おだき（愛宕）文化財整理室,奥州市,2019年8月,合同会社AMANE,
ODK00160,みの（けら）,藁,食物繊維,,,,,,1点,,,入り口左奥,旧水沢市民俗資料室,,寄贈,おだき（愛宕）文化財整理室,奥州市,2019年8月,合同会社AMANE,
ODK00161,みの（けら）,藁,食物繊維,,,,,,1点,,屋号は編み込み,入り口左奥,旧水沢市民俗資料室,,寄贈,おだき（愛宕）文化財整理室,奥州市,2019年8月,合同会社AMANE,
ODK00162,みの（けら）,藁,食物繊維,,,,,,1点,,,入り口左奥,旧水沢市民俗資料室,,寄贈,おだき（愛宕）文化財整理室,奥州市,2019年8月,合同会社AMANE,
ODK00163,雛飾り設ヵ,木,金属,食物繊維,布,竹,,,1揃(複数),,木箱入り。,入り口左奥,旧水沢市民俗資料室,,寄贈,おだき（愛宕）文化財整理室,奥州市,2019年8月,合同会社AMANE,
ODK00164,糸巻,木,金属,,,,,,1点,欠損,,入り口左奥,旧水沢市民俗資料室,,寄贈,おだき（愛宕）文化財整理室,奥州市,2019年8月,合同会社AMANE,
ODK00165,柄杓,金属,木,,,,,,1点,,,入り口左奥,旧水沢市民俗資料室,,寄贈,おだき（愛宕）文化財整理室,奥州市,2019年8月,合同会社AMANE,
ODK00166,傘,竹,金属,紙,革,植物繊維,木,その他(塗りあり),1点,,,入り口左奥,旧水沢市民俗資料室,,寄贈,おだき（愛宕）文化財整理室,奥州市,2019年8月,合同会社AMANE,
ODK00167,傘,竹,金属,紙,革,植物繊維,木,その他(塗りあり),1点,,,入り口左奥,旧水沢市民俗資料室,,寄贈,おだき（愛宕）文化財整理室,奥州市,2019年8月,合同会社AMANE,
ODK00168,傘,竹,金属,紙,革,植物繊維,木,その他(塗りあり),1点,,,入り口左奥,旧水沢市民俗資料室,,寄贈,おだき（愛宕）文化財整理室,奥州市,2019年8月,合同会社AMANE,
ODK00169,絎台,木,植物繊維,金属,,,,,1点,,,入り口左奥,旧水沢市民俗資料室,,寄贈,おだき（愛宕）文化財整理室,奥州市,2019年8月,合同会社AMANE,
ODK00170,糸巻（一部）,木,植物繊維,,,,,,1点,欠損,軸を中心に板をクロスすることができる,入り口左奥,旧水沢市民俗資料室,,寄贈,おだき（愛宕）文化財整理室,奥州市,2019年8月,合同会社AMANE,
ODK00171,灰皿,金属,木,,,,,,1点,破損,,入り口左奥,旧水沢市民俗資料室,,寄贈,おだき（愛宕）文化財整理室,奥州市,2019年8月,合同会社AMANE,
ODK00172,灰皿,ガラス,,,,,,,1点,,,入り口左奥,旧水沢市民俗資料室,,寄贈,おだき（愛宕）文化財整理室,奥州市,2019年8月,合同会社AMANE,
ODK00173,花瓶ヵ,金属,,,,,,,1点,,底が開いている。,入り口左奥,旧水沢市民俗資料室,,寄贈,おだき（愛宕）文化財整理室,奥州市,2019年8月,合同会社AMANE,
ODK00174,ソース瓶,ガラス,,,,,,,1点,,,入り口左奥,旧水沢市民俗資料室,,寄贈,おだき（愛宕）文化財整理室,奥州市,2019年8月,合同会社AMANE,
ODK00175,ジュース瓶,ガラス,,,,,,,1点,,,入り口左奥,旧水沢市民俗資料室,,寄贈,おだき（愛宕）文化財整理室,奥州市,2019年8月,合同会社AMANE,
ODK00176,ガラス瓶等,金属,ガラス,木,合成樹脂,木(漆),,,1揃(複数),,複数のものが箱入り。ガラス瓶・鋏・缶切り状刃物など。,入り口左奥,旧水沢市民俗資料室,,寄贈,おだき（愛宕）文化財整理室,奥州市,2019年8月,合同会社AMANE,
ODK00177,お菓子缶,金属,,,,,,,1点,,,入り口左奥,旧水沢市民俗資料室,,寄贈,おだき（愛宕）文化財整理室,奥州市,2019年8月,合同会社AMANE,
ODK00178,不明（穴あき石）,石,,,,,,,1点,,,入り口左奥,旧水沢市民俗資料室,,寄贈,おだき（愛宕）文化財整理室,奥州市,2019年8月,合同会社AMANE,
ODK00179,木片,木,,,,,,,1点,,,入り口左奥,旧水沢市民俗資料室,,寄贈,おだき（愛宕）文化財整理室,奥州市,2019年8月,合同会社AMANE,
ODK00180,名刺（内田耕作）,紙,,,,,,,1揃(複数),,箱入り。箱に値段ラベル等あり,入り口左奥,旧水沢市民俗資料室,,寄贈,おだき（愛宕）文化財整理室,奥州市,2019年8月,合同会社AMANE,
ODK00181,雪下駄（つまかわあしだ・男物）,木,合成樹脂,その他(化学繊維ヵ),金属,,,,1対(2点),,,入り口左奥,旧水沢市民俗資料室,,寄贈,おだき（愛宕）文化財整理室,奥州市,2019年8月,合同会社AMANE,
ODK00182,下駄,木(漆),藁,植物繊維,金属,,,,1対(2点),,,入り口左奥,旧水沢市民俗資料室,,寄贈,おだき（愛宕）文化財整理室,奥州市,2019年8月,合同会社AMANE,
ODK00183,雪下駄（つまかわあしだ））,木,金属,植物繊維,藁,毛,その他(化学繊維ヵ）,,1対(2点),,,入り口左奥,旧水沢市民俗資料室,,寄贈,おだき（愛宕）文化財整理室,奥州市,2019年8月,合同会社AMANE,
ODK00184,雪下駄（つまかわあしだ））,木,金属,植物繊維,藁,毛,その他(化学繊維ヵ）,,1対(2点),,,入り口左奥,旧水沢市民俗資料室,,寄贈,おだき（愛宕）文化財整理室,奥州市,2019年8月,合同会社AMANE,
ODK00185,下駄,木(漆),金属,藁,その他(化学繊維ヵ）,合成樹脂,,,1対(2点),,,入り口左奥,旧水沢市民俗資料室,,寄贈,おだき（愛宕）文化財整理室,奥州市,2019年8月,合同会社AMANE,
ODK00186,雪下駄（つまかわあしだ））,木,合成樹脂,革,植物繊維,金属,,,1対(2点),,,入り口左奥,旧水沢市民俗資料室,,寄贈,おだき（愛宕）文化財整理室,奥州市,2019年8月,合同会社AMANE,
ODK00187,雪下駄（つまかわあしだ））,木(漆),合成樹脂,毛,金属,その他(化学繊維ヵ）,,,1対(2点),,,入り口左奥,旧水沢市民俗資料室,,寄贈,おだき（愛宕）文化財整理室,奥州市,2019年8月,合同会社AMANE,
ODK00188,雪下駄（つまかわあしだ））,木,革,毛,その他(化学繊維ヵ）,金属,植物繊維,,1対(2点),,,入り口左奥,旧水沢市民俗資料室,,寄贈,おだき（愛宕）文化財整理室,奥州市,2019年8月,合同会社AMANE,
ODK00189,雪下駄（つまかわあしだ））,木,革（漆）,化学繊維,金属,植物繊維,合成樹脂,,1対(2点),,,入り口左奥,旧水沢市民俗資料室,,寄贈,おだき（愛宕）文化財整理室,奥州市,2019年8月,合同会社AMANE,
ODK00190,雪下駄（つまかわあしだ））,木,毛,食物繊維,革,その他(化学繊維）,金属,,1対(2点),,,入り口左奥,旧水沢市民俗資料室,,寄贈,おだき（愛宕）文化財整理室,奥州市,2019年8月,合同会社AMANE,
ODK00191,下駄,木,藁,食物繊維,その他(化学繊維）,金属,,,1対(2点),,,入り口左奥,旧水沢市民俗資料室,,寄贈,おだき（愛宕）文化財整理室,奥州市,2019年8月,合同会社AMANE,
ODK00192,下駄ぼっくり,木（漆）,藁,食物繊維,その他(化学繊維ヵ）,金属,,,1対(2点),,鈴入り,入り口左奥,旧水沢市民俗資料室,,寄贈,おだき（愛宕）文化財整理室,奥州市,2019年8月,合同会社AMANE,
ODK00193,雪下駄（つまかわあしだ））,木（漆）,革,毛,その他合成繊維,植物繊維,金属,,1対(2点),,,入り口左奥,旧水沢市民俗資料室,,寄贈,おだき（愛宕）文化財整理室,奥州市,2019年8月,合同会社AMANE,
ODK00194,下駄,木（漆）,藁,植物繊維,その他(化学繊維ヵ）,金属,,,1対(2点),,,入り口左奥,旧水沢市民俗資料室,,寄贈,おだき（愛宕）文化財整理室,奥州市,2019年8月,合同会社AMANE,
ODK00195,下駄,木,植物繊維,その他化学繊維,合成繊維,金属,,,1対(2点),,,入り口左奥,旧水沢市民俗資料室,,寄贈,おだき（愛宕）文化財整理室,奥州市,2019年8月,合同会社AMANE,
ODK00196,雪下駄（つまかわあしだ）つまかわ部分,革,植物繊維,,,,,,1揃（6点）,,紙箱入,入り口左奥,旧水沢市民俗資料室,,寄贈,おだき（愛宕）文化財整理室,奥州市,2019年8月,合同会社AMANE,
ODK00197,扇,紙,竹,,,,,,1点,,,入り口左奥,旧水沢市民俗資料室,,寄贈,おだき（愛宕）文化財整理室,奥州市,2019年8月,合同会社AMANE,
ODK00198,インク壺,ガラス,,,,,,,1点,,,入り口左奥,旧水沢市民俗資料室,,寄贈,おだき（愛宕）文化財整理室,奥州市,2019年8月,合同会社AMANE,
ODK00199,わらじ,藁,植物繊維,,,,,,1対(2点),,,入り口左奥,旧水沢市民俗資料室,,寄贈,おだき（愛宕）文化財整理室,奥州市,2019年8月,合同会社AMANE,
ODK00200,わらぐつ,藁,,,,,,,1対(2点),,,入り口左奥,旧水沢市民俗資料室,,寄贈,おだき（愛宕）文化財整理室,奥州市,2019年8月,合同会社AMANE,
ODK00201,草履,藁,植物繊維,,,,,,1対(2点),,,入り口左奥,旧水沢市民俗資料室,,寄贈,おだき（愛宕）文化財整理室,奥州市,2019年8月,合同会社AMANE,
ODK00202,縄,藁,,,,,,,1点,,,入り口左奥,旧水沢市民俗資料室,,寄贈,おだき（愛宕）文化財整理室,奥州市,2019年8月,合同会社AMANE,
ODK00203,しびん,ガラス,藁,,,,,,1点,,,入り口左奥,旧水沢市民俗資料室,,寄贈,おだき（愛宕）文化財整理室,奥州市,2019年8月,合同会社AMANE,
ODK00204,重量計,金属,,,,,,,1点,,,入り口左奥,旧水沢市民俗資料室,,寄贈,おだき（愛宕）文化財整理室,奥州市,2019年8月,合同会社AMANE,
ODK00205,こて,金属,木,,,,,,1点,,,入り口左奥,旧水沢市民俗資料室,,寄贈,おだき（愛宕）文化財整理室,奥州市,2019年8月,合同会社AMANE,
ODK00206,きんつば焼,金属,,,,,,,1点,,,入り口左奥,旧水沢市民俗資料室,,寄贈,おだき（愛宕）文化財整理室,奥州市,2019年8月,合同会社AMANE,
ODK00207,さおばかり,金属,竹,革,木,植物繊維,,,1点,破損ヵ,,入り口左奥,旧水沢市民俗資料室,,寄贈,おだき（愛宕）文化財整理室,奥州市,2019年8月,合同会社AMANE,
ODK00208,かぎ,木,金属,植物繊維,,,,,1点,,,入り口左奥,旧水沢市民俗資料室,,寄贈,おだき（愛宕）文化財整理室,奥州市,2019年8月,合同会社AMANE,
ODK00209,金属蓋ヵ,金属,,,,,,,1揃(5点),,ビニール袋に一括されていた,入り口左奥,旧水沢市民俗資料室,,寄贈,おだき（愛宕）文化財整理室,奥州市,2019年8月,合同会社AMANE,
ODK00210,箸,金属,,,,,,,1対(2点),,,入り口左奥,旧水沢市民俗資料室,,寄贈,おだき（愛宕）文化財整理室,奥州市,2019年8月,合同会社AMANE,
ODK00211,箸,木,,,,,,,1対(2点),,ODK00211〜ODK00215まで紐でまとめられていた。,入り口左奥,旧水沢市民俗資料室,,寄贈,おだき（愛宕）文化財整理室,奥州市,2019年8月,合同会社AMANE,
ODK00212,箸,木,,,,,,,1対(2点),,ODK00211〜ODK00215まで紐でまとめられていた。,入り口左奥,旧水沢市民俗資料室,,寄贈,おだき（愛宕）文化財整理室,奥州市,2019年8月,合同会社AMANE,
ODK00213,箸,木,,,,,,,1対(2点),,ODK00211〜ODK00215まで紐でまとめられていた。,入り口左奥,旧水沢市民俗資料室,,寄贈,おだき（愛宕）文化財整理室,奥州市,2019年8月,合同会社AMANE,
ODK00214,箸,木,,,,,,,1対(2点),,ODK00211〜ODK00215まで紐でまとめられていた。,入り口左奥,旧水沢市民俗資料室,,寄贈,おだき（愛宕）文化財整理室,奥州市,2019年8月,合同会社AMANE,
ODK00215,箸,木,,,,,,,1対(2点),,ODK00211〜ODK00215まで紐でまとめられていた。,入り口左奥,旧水沢市民俗資料室,,寄贈,おだき（愛宕）文化財整理室,奥州市,2019年8月,合同会社AMANE,
ODK00216,靴,革,金属,植物繊維,合成樹脂,,,,1対(2点),,付札同じ内容のものが二枚ある。,入り口左奥,旧水沢市民俗資料室,,寄贈,おだき（愛宕）文化財整理室,奥州市,2019年8月,合同会社AMANE,
ODK00217,靴,革,金属,植物繊維,合成樹脂,,,,1対(2点),,合成樹脂が溶けて固まっている。,入り口左奥,旧水沢市民俗資料室,,寄贈,おだき（愛宕）文化財整理室,奥州市,2019年8月,合同会社AMANE,
ODK00218,靴,革,金属,植物繊維,合成樹脂,,,,1対(2点),,付札同じ内容のものが二枚ある。合成樹脂が溶けて固まっている。,入り口左奥,旧水沢市民俗資料室,,寄贈,おだき（愛宕）文化財整理室,奥州市,2019年8月,合同会社AMANE,
ODK00219,靴,革,金属,植物繊維,合成樹脂,,,,1対(2点),,付札同じ内容のものが二枚ある。合成樹脂が溶けて固まっている。,入り口左奥,旧水沢市民俗資料室,,寄贈,おだき（愛宕）文化財整理室,奥州市,2019年8月,合同会社AMANE,
ODK00220,はばき,植物繊維,毛,,,,,,1点,,,入り口左奥,旧水沢市民俗資料室,,寄贈,おだき（愛宕）文化財整理室,奥州市,2019年8月,合同会社AMANE,
ODK00221,はばき,植物繊維,毛,,,,,,1点,欠損(紐),,入り口左奥,旧水沢市民俗資料室,,寄贈,おだき（愛宕）文化財整理室,奥州市,2019年8月,合同会社AMANE,
ODK00222,はばき,植物繊維,毛,,,,,,1点,欠損(紐),,入り口左奥,旧水沢市民俗資料室,,寄贈,おだき（愛宕）文化財整理室,奥州市,2019年8月,合同会社AMANE,
ODK00223,はばき,植物繊維,毛,,,,,,1点,,編みで「壽」とある。,入り口左奥,旧水沢市民俗資料室,,寄贈,おだき（愛宕）文化財整理室,奥州市,2019年8月,合同会社AMANE,
ODK00224,背負かばん,革,金属,植物繊維,,,,,1点,,,入り口左奥,旧水沢市民俗資料室,,寄贈,おだき（愛宕）文化財整理室,奥州市,2019年8月,合同会社AMANE,
ODK00225,漁網のもと糸,植物繊維,,,,,,,1点,,,入り口左奥,旧水沢市民俗資料室,,寄贈,おだき（愛宕）文化財整理室,奥州市,2019年8月,合同会社AMANE,
ODK00226,そろばん,木,金属,竹,,,,,1点,,,入り口左奥,旧水沢市民俗資料室,,寄贈,おだき（愛宕）文化財整理室,奥州市,2019年8月,合同会社AMANE,
ODK00227,そろばん,木,竹,金属,合成樹脂ヵ,,,,1点,,,入り口左奥,旧水沢市民俗資料室,,寄贈,おだき（愛宕）文化財整理室,奥州市,2019年8月,合同会社AMANE,
ODK00228,そろばん,木,竹,金属,,,,,1点,,,入り口左奥,旧水沢市民俗資料室,,寄贈,おだき（愛宕）文化財整理室,奥州市,2019年8月,合同会社AMANE,
ODK00229,そろばん,木,金属,,,,,,1点,,,入り口左奥,旧水沢市民俗資料室,,寄贈,おだき（愛宕）文化財整理室,奥州市,2019年8月,合同会社AMANE,
ODK00230,そろばん,木,金属,,,,,,1点,,,入り口左奥,旧水沢市民俗資料室,,寄贈,おだき（愛宕）文化財整理室,奥州市,2019年8月,合同会社AMANE,
ODK00231,そろばん,木,竹,金属,,,,,1点,欠損,,入り口左奥,旧水沢市民俗資料室,,寄贈,おだき（愛宕）文化財整理室,奥州市,2019年8月,合同会社AMANE,
ODK00232,そろばん,木,竹,金属,,,,,1点,欠損,,入り口左奥,旧水沢市民俗資料室,,寄贈,おだき（愛宕）文化財整理室,奥州市,2019年8月,合同会社AMANE,
ODK00233,わらしごき,木,金属,,,,,,1点,,,入り口左奥,旧水沢市民俗資料室,,寄贈,おだき（愛宕）文化財整理室,奥州市,2019年8月,合同会社AMANE,
ODK00234,ほらがい,その他(貝),植物繊維,木,金属,,,,1点,,,入り口左奥,旧水沢市民俗資料室,,寄贈,おだき（愛宕）文化財整理室,奥州市,2019年8月,合同会社AMANE,
ODK00235,徽章,金属,,,,,,,1点,,紙箱入り,入り口左奥,旧水沢市民俗資料室,,寄贈,おだき（愛宕）文化財整理室,奥州市,2019年8月,合同会社AMANE,
ODK00236,花瓶,木,,,,,,,1点,,,入り口左奥,旧水沢市民俗資料室,,寄贈,おだき（愛宕）文化財整理室,奥州市,2019年8月,合同会社AMANE,
ODK00237,くぎ,金属,,,,,,,1揃(5点),,,入り口左奥,旧水沢市民俗資料室,,寄贈,おだき（愛宕）文化財整理室,奥州市,2019年8月,合同会社AMANE,
ODK00238,塵取ヵ,金属,木,,,,,,1点,,,入り口左奥,旧水沢市民俗資料室,,寄贈,おだき（愛宕）文化財整理室,奥州市,2019年8月,合同会社AMANE,
ODK00239,塵取ヵ,金属,木,,,,,,1点,,,入り口左奥,旧水沢市民俗資料室,,寄贈,おだき（愛宕）文化財整理室,奥州市,2019年8月,合同会社AMANE,
ODK00240,塵取ヵ,金属,木,,,,,,1点,,,入り口左奥,旧水沢市民俗資料室,,寄贈,おだき（愛宕）文化財整理室,奥州市,2019年8月,合同会社AMANE,
ODK00241,不明（木の棒）,木,,,,,,,1点,,,入り口左奥,旧水沢市民俗資料室,,寄贈,おだき（愛宕）文化財整理室,奥州市,2019年8月,合同会社AMANE,
ODK00242,定規,竹,,,,,,,1点,,,入り口左奥,旧水沢市民俗資料室,,寄贈,おだき（愛宕）文化財整理室,奥州市,2019年8月,合同会社AMANE,
ODK00243,刃物,金属,木,植物繊維,,,,,1点,,,入り口左奥,旧水沢市民俗資料室,,寄贈,おだき（愛宕）文化財整理室,奥州市,2019年8月,合同会社AMANE,
ODK00244,かぎ,金属,木,,,,,,1点,,,入り口左奥,旧水沢市民俗資料室,,寄贈,おだき（愛宕）文化財整理室,奥州市,2019年8月,合同会社AMANE,
ODK00245,鎌,金属,木,,,,,,1点,,,入り口左奥,旧水沢市民俗資料室,,寄贈,おだき（愛宕）文化財整理室,奥州市,2019年8月,合同会社AMANE,
ODK00246,アイロン,金属,木,,,,,,1点,,,入り口左奥,旧水沢市民俗資料室,,寄贈,おだき（愛宕）文化財整理室,奥州市,2019年8月,合同会社AMANE,
ODK00247,かがり通し,金属,,,,,,,1点,,,入り口左奥,旧水沢市民俗資料室,,寄贈,おだき（愛宕）文化財整理室,奥州市,2019年8月,合同会社AMANE,
ODK00248,焼印,金属,,,,,,,1点,,,入り口左奥,旧水沢市民俗資料室,,寄贈,おだき（愛宕）文化財整理室,奥州市,2019年8月,合同会社AMANE,
ODK00249,鍵,金属,植物繊維,,,,,,1対(2点),,,入り口左奥,旧水沢市民俗資料室,,寄贈,おだき（愛宕）文化財整理室,奥州市,2019年8月,合同会社AMANE,
ODK00250,矢立,金属,石,,,,,,1点,,,入り口左奥,旧水沢市民俗資料室,,寄贈,おだき（愛宕）文化財整理室,奥州市,2019年8月,合同会社AMANE,
ODK00251,蹄鉄,金属,,,,,,,1揃(4点),,,入り口左奥,旧水沢市民俗資料室,,寄贈,おだき（愛宕）文化財整理室,奥州市,2019年8月,合同会社AMANE,
ODK00252,蹄鉄,金属,,,,,,,1揃(4点),,,入り口左奥,旧水沢市民俗資料室,,寄贈,おだき（愛宕）文化財整理室,奥州市,2019年8月,合同会社AMANE,
ODK00253,蹄鉄,金属,,,,,,,1揃(2点),,,入り口左奥,旧水沢市民俗資料室,,寄贈,おだき（愛宕）文化財整理室,奥州市,2019年8月,合同会社AMANE,
ODK00254,足型,金属,木,,,,,,1揃(2点),,,入り口左奥,旧水沢市民俗資料室,,寄贈,おだき（愛宕）文化財整理室,奥州市,2019年8月,合同会社AMANE,
ODK00255,足型,金属,木,,,,,,1揃(2点),,,入り口左奥,旧水沢市民俗資料室,,寄贈,おだき（愛宕）文化財整理室,奥州市,2019年8月,合同会社AMANE,
ODK00256,足型,金属,木,,,,,,1揃(2点),,,入り口左奥,旧水沢市民俗資料室,,寄贈,おだき（愛宕）文化財整理室,奥州市,2019年8月,合同会社AMANE,
ODK00257,足型,金属,木,,,,,,1揃(2点),,,入り口左奥,旧水沢市民俗資料室,,寄贈,おだき（愛宕）文化財整理室,奥州市,2019年8月,合同会社AMANE,
ODK00258,足型（一部）,金属,,,,,,,1点,,,入り口左奥,旧水沢市民俗資料室,,寄贈,おだき（愛宕）文化財整理室,奥州市,2019年8月,合同会社AMANE,
ODK00259,足型,金属,木,,,,,,1揃(2点),,,入り口左奥,旧水沢市民俗資料室,,寄贈,おだき（愛宕）文化財整理室,奥州市,2019年8月,合同会社AMANE,
ODK00260,足型,金属,木,,,,,,1揃(2点),,,入り口左奥,旧水沢市民俗資料室,,寄贈,おだき（愛宕）文化財整理室,奥州市,2019年8月,合同会社AMANE,
ODK00261,足型,金属,木,,,,,,1揃(2点),,,入り口左奥,旧水沢市民俗資料室,,寄贈,おだき（愛宕）文化財整理室,奥州市,2019年8月,合同会社AMANE,
ODK00262,足型,金属,木,,,,,,1揃(2点),,,入り口左奥,旧水沢市民俗資料室,,寄贈,おだき（愛宕）文化財整理室,奥州市,2019年8月,合同会社AMANE,
ODK00263,足型,金属,木,,,,,,1揃(2点),破損,,入り口左奥,旧水沢市民俗資料室,,寄贈,おだき（愛宕）文化財整理室,奥州市,2019年8月,合同会社AMANE,
ODK00264,足型,金属,木,,,,,,1揃(2点),,,入り口左奥,旧水沢市民俗資料室,,寄贈,おだき（愛宕）文化財整理室,奥州市,2019年8月,合同会社AMANE,
ODK00265,足型,金属,木,,,,,,1揃(2点),,,入り口左奥,旧水沢市民俗資料室,,寄贈,おだき（愛宕）文化財整理室,奥州市,2019年8月,合同会社AMANE,
ODK00266,足型,金属,木,,,,,,1揃(2点),,,入り口左奥,旧水沢市民俗資料室,,寄贈,おだき（愛宕）文化財整理室,奥州市,2019年8月,合同会社AMANE,
ODK00267,足型,金属,木,,,,,,1揃(2点),,,入り口左奥,旧水沢市民俗資料室,,寄贈,おだき（愛宕）文化財整理室,奥州市,2019年8月,合同会社AMANE,
ODK00268,足型（一部）,金属,,,,,,,1点,,,入り口左奥,旧水沢市民俗資料室,,寄贈,おだき（愛宕）文化財整理室,奥州市,2019年8月,合同会社AMANE,
ODK00269,足型（一部）,金属,,,,,,,1点,,,入り口左奥,旧水沢市民俗資料室,,寄贈,おだき（愛宕）文化財整理室,奥州市,2019年8月,合同会社AMANE,
ODK00270,足型（一部）,金属,,,,,,,1点,,,入り口左奥,旧水沢市民俗資料室,,寄贈,おだき（愛宕）文化財整理室,奥州市,2019年8月,合同会社AMANE,
ODK00271,かんざし等,その他(べっ甲),金属,その他,,,,,1揃(複数),,紙箱入り。中に物あり。櫛、かんざし。,入り口左奥,旧水沢市民俗資料室,,寄贈,おだき（愛宕）文化財整理室,奥州市,2019年8月,合同会社AMANE,
ODK00272,かんざし等,その他(べっ甲),,,,,,,1揃(複数),,木箱（漆塗り）入り。中に物あり。櫛、かんざし。,入り口左奥,旧水沢市民俗資料室,,寄贈,おだき（愛宕）文化財整理室,奥州市,2019年8月,合同会社AMANE,
ODK00273,蚕網,竹,植物繊維,,,,,,1点,,,入り口左奥,旧水沢市民俗資料室,,寄贈,おだき（愛宕）文化財整理室,奥州市,2019年8月,合同会社AMANE,
ODK00274,蚕網,竹,植物繊維,,,,,,1点,,,入り口左奥,旧水沢市民俗資料室,,寄贈,おだき（愛宕）文化財整理室,奥州市,2019年8月,合同会社AMANE,
ODK00275,蚕網,竹,植物繊維,,,,,,1点,,,入り口左奥,旧水沢市民俗資料室,,寄贈,おだき（愛宕）文化財整理室,奥州市,2019年8月,合同会社AMANE,
ODK00276,蚕網,竹,植物繊維,,,,,,1点,,,入り口左奥,旧水沢市民俗資料室,,寄贈,おだき（愛宕）文化財整理室,奥州市,2019年8月,合同会社AMANE,
ODK00277,蚕網,竹,植物繊維,,,,,,1点,,,入り口左奥,旧水沢市民俗資料室,,寄贈,おだき（愛宕）文化財整理室,奥州市,2019年8月,合同会社AMANE,
ODK00278,蚕網,竹,植物繊維,,,,,,1点,,,入り口左奥,旧水沢市民俗資料室,,寄贈,おだき（愛宕）文化財整理室,奥州市,2019年8月,合同会社AMANE,
ODK00279,蚕網,竹,植物繊維,,,,,,1点,,,入り口左奥,旧水沢市民俗資料室,,寄贈,おだき（愛宕）文化財整理室,奥州市,2019年8月,合同会社AMANE,
ODK00280,蚕網,竹,植物繊維,,,,,,1点,,,入り口左奥,旧水沢市民俗資料室,,寄贈,おだき（愛宕）文化財整理室,奥州市,2019年8月,合同会社AMANE,
ODK00281,蚕網,竹,植物繊維,,,,,,1点,,,入り口左奥,旧水沢市民俗資料室,,寄贈,おだき（愛宕）文化財整理室,奥州市,2019年8月,合同会社AMANE,
ODK00282,蚕網,竹,植物繊維,,,,,,1点,破損,,入り口左奥,旧水沢市民俗資料室,,寄贈,おだき（愛宕）文化財整理室,奥州市,2019年8月,合同会社AMANE,
ODK00283,蚕網,竹,植物繊維,,,,,,1点,破損,,入り口左奥,旧水沢市民俗資料室,,寄贈,おだき（愛宕）文化財整理室,奥州市,2019年8月,合同会社AMANE,
ODK00284,蚕網,竹,植物繊維,,,,,,1点,破損,,入り口左奥,旧水沢市民俗資料室,,寄贈,おだき（愛宕）文化財整理室,奥州市,2019年8月,合同会社AMANE,
ODK00285,蚕網,竹,植物繊維,,,,,,1点,,,入り口左奥,旧水沢市民俗資料室,,寄贈,おだき（愛宕）文化財整理室,奥州市,2019年8月,合同会社AMANE,
ODK00286,蚕籠,竹,金属,,,,,,1点,,,入り口左奥,旧水沢市民俗資料室,,寄贈,おだき（愛宕）文化財整理室,奥州市,2019年8月,合同会社AMANE,
ODK00287,蚕籠,竹,金属,,,,,,1点,破損,,入り口左奥,旧水沢市民俗資料室,,寄贈,おだき（愛宕）文化財整理室,奥州市,2019年8月,合同会社AMANE,
ODK00288,鉢,陶陶磁器,,,,,,,1点,,木箱入り。ODK00288〜ODK00298まで「皋水記念図書館」コンテナ入、メモ「2017.3.29　皋水記念図書館搬出　3/30清掃◇1/2・2/2」,入り口左奥,旧水沢市民俗資料室,,寄贈,おだき（愛宕）文化財整理室,奥州市,2019年8月,合同会社AMANE,
ODK00289,皿,陶陶磁器,,,,,,,1揃(5点),,木箱入り。ODK00288〜ODK00298まで「皋水記念図書館」コンテナ入、メモ「2017.3.29　皋水記念図書館搬出　3/30清掃◇1/2・2/2」,入り口左奥,旧水沢市民俗資料室,,寄贈,おだき（愛宕）文化財整理室,奥州市,2019年8月,合同会社AMANE,
ODK00290,盃,木(漆),,,,,,,1揃(15点),,木箱入り。大小あり。盃底裏に「上」「下」等刻印あり。ODK00288〜ODK00298まで「皋水記念図書館」コンテナ入、メモ「2017.3.29　皋水記念図書館搬出　3/30清掃◇1/2・2/2」,入り口左奥,旧水沢市民俗資料室,,寄贈,おだき（愛宕）文化財整理室,奥州市,2019年8月,合同会社AMANE,
ODK00291,花瓶,陶陶磁器,,,,,,,1点,破損,ODK00288〜ODK00298まで「皋水記念図書館」コンテナ入、メモ「2017.3.29　皋水記念図書館搬出　3/30清掃◇1/2・2/2」,入り口左奥,旧水沢市民俗資料室,,寄贈,おだき（愛宕）文化財整理室,奥州市,2019年8月,合同会社AMANE,
ODK00292,鉢,陶陶磁器,,,,,,,1点,,ODK00288〜ODK00298まで「皋水記念図書館」コンテナ入、メモ「2017.3.29　皋水記念図書館搬出　3/30清掃◇1/2・2/2」,入り口左奥,旧水沢市民俗資料室,,寄贈,おだき（愛宕）文化財整理室,奥州市,2019年8月,合同会社AMANE,
ODK00293,皿,陶陶磁器,,,,,,,1点,,ODK00288〜ODK00298まで「皋水記念図書館」コンテナ入、メモ「2017.3.29　皋水記念図書館搬出　3/30清掃◇1/2・2/2」,入り口左奥,旧水沢市民俗資料室,,寄贈,おだき（愛宕）文化財整理室,奥州市,2019年8月,合同会社AMANE,
ODK00294,壺,陶陶磁器,,,,,,,1点,,ODK00288〜ODK00298まで「皋水記念図書館」コンテナ入、メモ「2017.3.29　皋水記念図書館搬出　3/30清掃◇1/2・2/2」,入り口左奥,旧水沢市民俗資料室,,寄贈,おだき（愛宕）文化財整理室,奥州市,2019年8月,合同会社AMANE,
ODK00295,瓦,金属,石,,,,,,1揃(複数),破損,ODK00288〜ODK00298まで「皋水記念図書館」コンテナ入、メモ「2017.3.29　皋水記念図書館搬出　3/30清掃◇1/2・2/2」。一枚の瓦が破損し、複数になっている。,入り口左奥,旧水沢市民俗資料室,,寄贈,おだき（愛宕）文化財整理室,奥州市,2019年8月,合同会社AMANE,
ODK00296,瓦,金属,石,,,,,,1揃(複数),破損,ODK00288〜ODK00298まで「皋水記念図書館」コンテナ入、メモ「2017.3.29　皋水記念図書館搬出　3/30清掃◇1/2・2/2」一枚の瓦が破損し、複数になっている。,入り口左奥,旧水沢市民俗資料室,,寄贈,おだき（愛宕）文化財整理室,奥州市,2019年8月,合同会社AMANE,
ODK00297,瓦（一部ヵ）,石,,,,,,,1揃(複数),破損,ODK00288〜ODK00298まで「皋水記念図書館」コンテナ入、メモ「2017.3.29　皋水記念図書館搬出　3/30清掃◇1/2・2/2」,入り口左奥,旧水沢市民俗資料室,,寄贈,おだき（愛宕）文化財整理室,奥州市,2019年8月,合同会社AMANE,
ODK00298,瓦（一部ヵ）,金属,石,,,,,,1揃(複数),破損,ODK00288〜ODK00298まで「皋水記念図書館」コンテナ入、メモ「2017.3.29　皋水記念図書館搬出　3/30清掃◇1/2・2/2」,入り口左奥,旧水沢市民俗資料室,,寄贈,おだき（愛宕）文化財整理室,奥州市,2019年8月,合同会社AMANE,
ODK00299,幻灯機,金属,ガラス,合成樹脂,植物繊維,,,,1揃(複数),破損,,入り口左奥,旧水沢市民俗資料室,,寄贈,おだき（愛宕）文化財整理室,奥州市,2019年8月,合同会社AMANE,
ODK00300,穴あけ,木,植物繊維,,,,,,1点,,ODK00300〜ODK00308はダンボール入。,入り口左奥,旧水沢市民俗資料室,,寄贈,おだき（愛宕）文化財整理室,奥州市,2019年8月,合同会社AMANE,
ODK00301,ランプ,金属,ガラス,合成樹脂,,,,,1揃(複数),,ODK00300〜ODK00308はダンボール入。,入り口左奥,旧水沢市民俗資料室,,寄贈,おだき（愛宕）文化財整理室,奥州市,2019年8月,合同会社AMANE,
ODK00302,角板,木,植物繊維,,,,,,1揃(6点),,ODK00300〜ODK00308はダンボール入。RImg20190805_101203は文章の例,入り口左奥,旧水沢市民俗資料室,,寄贈,おだき（愛宕）文化財整理室,奥州市,2019年8月,合同会社AMANE,
ODK00303,帽子,植物繊維,革,合成繊維,金属,,,,1点,,ODK00300〜ODK00308はダンボール入。トレードマークあり。,入り口左奥,旧水沢市民俗資料室,,寄贈,おだき（愛宕）文化財整理室,奥州市,2019年8月,合同会社AMANE,
ODK00304,携帯暖炉ヵ,金属,植物繊維,紙,,,,,1点,,ODK00300〜ODK00308はダンボール入。,入り口左奥,旧水沢市民俗資料室,,寄贈,おだき（愛宕）文化財整理室,奥州市,2019年8月,合同会社AMANE,
ODK00305,袋,植物繊維,,,,,,,1点,,ODK00300〜ODK00308はダンボール入。内部に紙あり。,入り口左奥,旧水沢市民俗資料室,,寄贈,おだき（愛宕）文化財整理室,奥州市,2019年8月,合同会社AMANE,
ODK00306,帽子,植物繊維,革,金属,その他(フェルトヵ),,,,1点,,ODK00300〜ODK00308はダンボール入。,入り口左奥,旧水沢市民俗資料室,,寄贈,おだき（愛宕）文化財整理室,奥州市,2019年8月,合同会社AMANE,
ODK00307,帽子,植物繊維,革,金属,,,,,1点,,ODK00300〜ODK00308はダンボール入。,入り口左奥,旧水沢市民俗資料室,,寄贈,おだき（愛宕）文化財整理室,奥州市,2019年8月,合同会社AMANE,
ODK00308,奉公袋,植物繊維,紙,木,金属,,,,1揃(12点),,ODK00300〜ODK00308はダンボール入。袋背部に収容品一覧が印刷されている。,入り口左奥,旧水沢市民俗資料室,,寄贈,おだき（愛宕）文化財整理室,奥州市,2019年8月,合同会社AMANE,
ODK00309,行李,竹,植物繊維,,,,,,1点,破損,,入り口左奥,旧水沢市民俗資料室,,寄贈,おだき（愛宕）文化財整理室,奥州市,2019年8月,合同会社AMANE,
ODK00310,行李,竹,植物繊維,,,,,,1揃(複数),,,入り口左奥,旧水沢市民俗資料室,,寄贈,おだき（愛宕）文化財整理室,奥州市,2019年8月,合同会社AMANE,
ODK00311,行李,竹,植物繊維,,,,,,1揃(複数),,,入り口左奥,旧水沢市民俗資料室,,寄贈,おだき（愛宕）文化財整理室,奥州市,2019年8月,合同会社AMANE,
ODK00312,木箱,木,金属,革,,,,,1点,破損,,入り口左奥,旧水沢市民俗資料室,,寄贈,おだき（愛宕）文化財整理室,奥州市,2019年8月,合同会社AMANE,
ODK00313,携帯電話機,金属,木,合成樹脂,植物繊維,革,,,1点,破損,,入り口左奥,旧水沢市民俗資料室,,寄贈,おだき（愛宕）文化財整理室,奥州市,2019年8月,合同会社AMANE,
ODK00314,携帯電話機,,,,植物繊維,革,,,1点,破損,,入り口左奥,旧水沢市民俗資料室,,寄贈,おだき（愛宕）文化財整理室,奥州市,2019年8月,合同会社AMANE,
ODK00315,法被（半纏）,植物繊維,,,,,,,1点,,,入り口左奥,旧水沢市民俗資料室,,寄贈,おだき（愛宕）文化財整理室,奥州市,2019年8月,合同会社AMANE,
ODK00316,馬具ヵ,植物繊維,,,,,,,1点,,,入り口左奥,旧水沢市民俗資料室,,寄贈,おだき（愛宕）文化財整理室,奥州市,2019年8月,合同会社AMANE,
ODK00317,法被（半纏）,植物繊維,,,,,,,1点,,,入り口左奥,旧水沢市民俗資料室,,寄贈,おだき（愛宕）文化財整理室,奥州市,2019年8月,合同会社AMANE,
ODK00318,法被（半纏）,植物繊維,,,,,,,1点,,,入り口左奥,旧水沢市民俗資料室,,寄贈,おだき（愛宕）文化財整理室,奥州市,2019年8月,合同会社AMANE,
ODK00319,丹前,植物繊維,,,,,,,1点,,,入り口左奥,旧水沢市民俗資料室,,寄贈,おだき（愛宕）文化財整理室,奥州市,2019年8月,合同会社AMANE,
ODK00320,帯ヵ,植物繊維,,,,,,,1点,,,入り口左奥,旧水沢市民俗資料室,,寄贈,おだき（愛宕）文化財整理室,奥州市,2019年8月,合同会社AMANE,
ODK00321,巻脚絆,植物繊維,,,,,,,1点,破損,,入り口左奥,旧水沢市民俗資料室,,寄贈,おだき（愛宕）文化財整理室,奥州市,2019年8月,合同会社AMANE,
ODK00322,頭巾,植物繊維,金属,,,,,,1点,,,入り口左奥,旧水沢市民俗資料室,,寄贈,おだき（愛宕）文化財整理室,奥州市,2019年8月,合同会社AMANE,
ODK00323,頭巾,植物繊維,,,,,,,1点,,,入り口左奥,旧水沢市民俗資料室,,寄贈,おだき（愛宕）文化財整理室,奥州市,2019年8月,合同会社AMANE,
ODK00324,法被（半纏）,植物繊維,,,,,,,1点,（カビ）,,入り口左奥,旧水沢市民俗資料室,,寄贈,おだき（愛宕）文化財整理室,奥州市,2019年8月,合同会社AMANE,
ODK00325,旗,植物繊維,,,,,,,1点,破損,,入り口左奥,旧水沢市民俗資料室,,寄贈,おだき（愛宕）文化財整理室,奥州市,2019年8月,合同会社AMANE,
ODK00326,枕,植物繊維,,,,,,,1点,,,入り口左奥,旧水沢市民俗資料室,,寄贈,おだき（愛宕）文化財整理室,奥州市,2019年8月,合同会社AMANE,
ODK00327,女性作業ズボン（サルペ）,植物繊維,,,,,,,1点,,,入り口左奥,旧水沢市民俗資料室,,寄贈,おだき（愛宕）文化財整理室,奥州市,2019年8月,合同会社AMANE,
ODK00328,風呂敷,植物繊維,,,,,,,1点,破損,,入り口左奥,旧水沢市民俗資料室,,寄贈,おだき（愛宕）文化財整理室,奥州市,2019年8月,合同会社AMANE,
ODK00329,馬の胸当,植物繊維,,,,,,,1点,,,入り口左奥,旧水沢市民俗資料室,,寄贈,おだき（愛宕）文化財整理室,奥州市,2019年8月,合同会社AMANE,
ODK00330,馬具,植物繊維,,,,,,,1揃(2点),,,入り口左奥,旧水沢市民俗資料室,,寄贈,おだき（愛宕）文化財整理室,奥州市,2019年8月,合同会社AMANE,
ODK00331,馬の腹掛,植物繊維,,,,,,,1点,,,入り口左奥,旧水沢市民俗資料室,,寄贈,おだき（愛宕）文化財整理室,奥州市,2019年8月,合同会社AMANE,
ODK00332,馬具,植物繊維,,,,,,,1揃(3点),,,入り口左奥,旧水沢市民俗資料室,,寄贈,おだき（愛宕）文化財整理室,奥州市,2019年8月,合同会社AMANE,
ODK00333,風呂敷,植物繊維,,,,,,,1点,,,入り口左奥,旧水沢市民俗資料室,,寄贈,おだき（愛宕）文化財整理室,奥州市,2019年8月,合同会社AMANE,
ODK00334,馬具,植物繊維,,,,,,,1揃(2点),破損,,入り口左奥,旧水沢市民俗資料室,,寄贈,おだき（愛宕）文化財整理室,奥州市,2019年8月,合同会社AMANE,
ODK00335,不明,植物繊維,,,,,,,1点,カビ,,入り口左奥,旧水沢市民俗資料室,,寄贈,おだき（愛宕）文化財整理室,奥州市,2019年8月,合同会社AMANE,
ODK00336,制帽,植物繊維,化学繊維,金属,紙,革ヵ,,,1点,破損,,入り口左奥,旧水沢市民俗資料室,,寄贈,おだき（愛宕）文化財整理室,奥州市,2019年8月,合同会社AMANE,
ODK00337,薦袋,植物繊維,,,,,,,1点,破損,,入り口左奥,旧水沢市民俗資料室,,寄贈,おだき（愛宕）文化財整理室,奥州市,2019年8月,合同会社AMANE,
ODK00338,たんぜん,植物繊維,,,,,,,1点,,,入り口左奥,旧水沢市民俗資料室,,寄贈,おだき（愛宕）文化財整理室,奥州市,2019年8月,合同会社AMANE,
ODK00339,法被（半纏）,植物繊維,化学繊維,,,,,,1点,,,入り口左奥,旧水沢市民俗資料室,,寄贈,おだき（愛宕）文化財整理室,奥州市,2019年8月,合同会社AMANE,
ODK00340,帯,化学繊維ヵ,植物繊維,,,,,,1点,破損,,入り口左奥,旧水沢市民俗資料室,,寄贈,おだき（愛宕）文化財整理室,奥州市,2019年8月,合同会社AMANE,
ODK00341,乗馬ズボン,植物繊維,金属,,,,,,1点,,,入り口左奥,旧水沢市民俗資料室,,寄贈,おだき（愛宕）文化財整理室,奥州市,2019年8月,合同会社AMANE,
ODK00342,しきふ,植物繊維,,,,,,,1点,破損,,入り口左奥,旧水沢市民俗資料室,,寄贈,おだき（愛宕）文化財整理室,奥州市,2019年8月,合同会社AMANE,
ODK00343,たんぜん,植物繊維,,,,,,,1点,,裏地に文字あり（印刷）,入り口左奥,旧水沢市民俗資料室,,寄贈,おだき（愛宕）文化財整理室,奥州市,2019年8月,合同会社AMANE,
ODK00344,ユキバカマ,植物繊維,,,,,,,1点,破損,,入り口左奥,旧水沢市民俗資料室,,寄贈,おだき（愛宕）文化財整理室,奥州市,2019年8月,合同会社AMANE,
ODK00345,防空頭巾,植物繊維,,,,,,,1点,,,入り口左奥,旧水沢市民俗資料室,,寄贈,おだき（愛宕）文化財整理室,奥州市,2019年8月,合同会社AMANE,
ODK00346,ゆきばかま,植物繊維,,,,,,,1点,破損,,入り口左奥,旧水沢市民俗資料室,,寄贈,おだき（愛宕）文化財整理室,奥州市,2019年8月,合同会社AMANE,
ODK00347,ももひき,植物繊維,,,,,,,1点,,,入り口左奥,旧水沢市民俗資料室,,寄贈,おだき（愛宕）文化財整理室,奥州市,2019年8月,合同会社AMANE,
ODK00348,もんぺ,植物繊維,,,,,,,1点,,,入り口左奥,旧水沢市民俗資料室,,寄贈,おだき（愛宕）文化財整理室,奥州市,2019年8月,合同会社AMANE,
ODK00349,ずきん,植物繊維,,,,,,,1点,,,入り口左奥,旧水沢市民俗資料室,,寄贈,おだき（愛宕）文化財整理室,奥州市,2019年8月,合同会社AMANE,
ODK00350,帯,植物繊維,,,,,,,1点,,,入り口左奥,旧水沢市民俗資料室,,寄贈,おだき（愛宕）文化財整理室,奥州市,2019年8月,合同会社AMANE,
ODK00351,帯,植物繊維,,,,,,,1点,,,入り口左奥,旧水沢市民俗資料室,,寄贈,おだき（愛宕）文化財整理室,奥州市,2019年8月,合同会社AMANE,
ODK00352,もんぺ,植物繊維,,,,,,,1点,,,入り口左奥,旧水沢市民俗資料室,,寄贈,おだき（愛宕）文化財整理室,奥州市,2019年8月,合同会社AMANE,
ODK00353,たんぜん（ねまき）,植物繊維,,,,,,,1点,,,入り口左奥,旧水沢市民俗資料室,,寄贈,おだき（愛宕）文化財整理室,奥州市,2019年8月,合同会社AMANE,
ODK00354,インバネス,植物繊維,合成樹脂,金属,,,,,1点,,タグに刺繍あり（判読不能）,入り口左奥,旧水沢市民俗資料室,,寄贈,おだき（愛宕）文化財整理室,奥州市,2019年8月,合同会社AMANE,
ODK00355,たんぜん（ねまき）,植物繊維,,,,,,,1点,,,入り口左奥,旧水沢市民俗資料室,,寄贈,おだき（愛宕）文化財整理室,奥州市,2019年8月,合同会社AMANE,
ODK00356,単長着,植物繊維,,,,,,,1点,,,入り口左奥,旧水沢市民俗資料室,,寄贈,おだき（愛宕）文化財整理室,奥州市,2019年8月,合同会社AMANE,
ODK00357,ひきまわし,植物繊維,合成樹脂,,,,,,1点,破損,,入り口左奥,旧水沢市民俗資料室,,寄贈,おだき（愛宕）文化財整理室,奥州市,2019年8月,合同会社AMANE,
ODK00358,もんぺ,植物繊維,,,,,,,1点,,,入り口左奥,旧水沢市民俗資料室,,寄贈,おだき（愛宕）文化財整理室,奥州市,2019年8月,合同会社AMANE,
ODK00359,袷長着,植物繊維,,,,,,,1点,,,入り口左奥,旧水沢市民俗資料室,,寄贈,おだき（愛宕）文化財整理室,奥州市,2019年8月,合同会社AMANE,
ODK00360,はばき,植物繊維,その他,,,,,,1対(2点),破損,,入り口左奥,旧水沢市民俗資料室,,寄贈,おだき（愛宕）文化財整理室,奥州市,2019年8月,合同会社AMANE,
ODK00361,はばき,植物繊維,金属,,,,,,1対(2点),,,入り口左奥,旧水沢市民俗資料室,,寄贈,おだき（愛宕）文化財整理室,奥州市,2019年8月,合同会社AMANE,
ODK00362,はばき,植物繊維,金属,,,,,,1対(2点),,,入り口左奥,旧水沢市民俗資料室,,寄贈,おだき（愛宕）文化財整理室,奥州市,2019年8月,合同会社AMANE,
ODK00363,はばき,植物繊維,金属,革,,,,,1対(2点),,,入り口左奥,旧水沢市民俗資料室,,寄贈,おだき（愛宕）文化財整理室,奥州市,2019年8月,合同会社AMANE,
ODK00364,ももひき,植物繊維,,,,,,,1点,,,入り口左奥,旧水沢市民俗資料室,,寄贈,おだき（愛宕）文化財整理室,奥州市,2019年8月,合同会社AMANE,
ODK00365,頭巾,植物繊維,金属,,,,,,1点,,,入り口左奥,旧水沢市民俗資料室,,寄贈,おだき（愛宕）文化財整理室,奥州市,2019年8月,合同会社AMANE,
ODK00366,はばき,植物繊維,その他,,,,,,1対(2点),,,入り口左奥,旧水沢市民俗資料室,,寄贈,おだき（愛宕）文化財整理室,奥州市,2019年8月,合同会社AMANE,
ODK00367,袋,革,植物繊維,,,,,,1点,,,入り口左奥,旧水沢市民俗資料室,,寄贈,おだき（愛宕）文化財整理室,奥州市,2019年8月,合同会社AMANE,
ODK00368,国民服,植物繊維,化学繊維,合成樹脂,,,,,1点,,,入り口左奥,旧水沢市民俗資料室,,寄贈,おだき（愛宕）文化財整理室,奥州市,2019年8月,合同会社AMANE,
ODK00369,リュックサック,植物繊維,金属,,,,,,1点,,,入り口左奥,旧水沢市民俗資料室,,寄贈,おだき（愛宕）文化財整理室,奥州市,2019年8月,合同会社AMANE,
ODK00370,半纏,革,植物繊維,,,,,,1点,,,入り口左奥,旧水沢市民俗資料室,,寄贈,おだき（愛宕）文化財整理室,奥州市,2019年8月,合同会社AMANE,
ODK00371,単長着,植物繊維,,,,,,,1点,,,入り口左奥,旧水沢市民俗資料室,,寄贈,おだき（愛宕）文化財整理室,奥州市,2019年8月,合同会社AMANE,
ODK00372,袷半纏,植物繊維,,,,,,,1点,,,入り口左奥,旧水沢市民俗資料室,,寄贈,おだき（愛宕）文化財整理室,奥州市,2019年8月,合同会社AMANE,
ODK00373,袷半纏,植物繊維,,,,,,,1点,,,入り口左奥,旧水沢市民俗資料室,,寄贈,おだき（愛宕）文化財整理室,奥州市,2019年8月,合同会社AMANE,
ODK00374,法被（半纏）,植物繊維,,,,,,,1点,,,入り口左奥,旧水沢市民俗資料室,,寄贈,おだき（愛宕）文化財整理室,奥州市,2019年8月,合同会社AMANE,
ODK00375,ドンブク,植物繊維,,,,,,,1点,破損,,入り口左奥,旧水沢市民俗資料室,,寄贈,おだき（愛宕）文化財整理室,奥州市,2019年8月,合同会社AMANE,
ODK00376,たんぜん（ねまき）,植物繊維,,,,,,,1点,,,入り口左奥,旧水沢市民俗資料室,,寄贈,おだき（愛宕）文化財整理室,奥州市,2019年8月,合同会社AMANE,
ODK00377,しきふ,植物繊維,,,,,,,1点,,,入り口左奥,旧水沢市民俗資料室,,寄贈,おだき（愛宕）文化財整理室,奥州市,2019年8月,合同会社AMANE,
ODK00378,馬具ヵ,植物繊維,,,,,,,1点,,,入り口左奥,旧水沢市民俗資料室,,寄贈,おだき（愛宕）文化財整理室,奥州市,2019年8月,合同会社AMANE,
ODK00379,馬具,植物繊維,,,,,,,1点,,,入り口左奥,旧水沢市民俗資料室,,寄贈,おだき（愛宕）文化財整理室,奥州市,2019年8月,合同会社AMANE,
ODK00380,馬具ヵ,植物繊維,,,,,,,1点,,,入り口左奥,旧水沢市民俗資料室,,寄贈,おだき（愛宕）文化財整理室,奥州市,2019年8月,合同会社AMANE,
ODK00381,馬具ヵ,植物繊維,,,,,,,1点,,,入り口左奥,旧水沢市民俗資料室,,寄贈,おだき（愛宕）文化財整理室,奥州市,2019年8月,合同会社AMANE,
ODK00382,給桑台,木,植物繊維,金属,,,,,1点,,,入り口左奥,旧水沢市民俗資料室,,寄贈,おだき（愛宕）文化財整理室,奥州市,2019年8月,合同会社AMANE,
ODK00383,給桑台,木,植物繊維,金属,,,,,1点,,,入り口左奥,旧水沢市民俗資料室,,寄贈,おだき（愛宕）文化財整理室,奥州市,2019年8月,合同会社AMANE,
ODK00384,火縄銃,木,金属,竹,,,,,1点,,,入り口右奥,旧水沢市民俗資料室,,寄贈,おだき（愛宕）文化財整理室,奥州市,2019年8月,合同会社AMANE,
ODK00385,さすまたヵ,金属,木,木(漆),,,,,1点,,,入り口右奥,旧水沢市民俗資料室,,寄贈,おだき（愛宕）文化財整理室,奥州市,2019年8月,合同会社AMANE,
ODK00386,刃（なきなた）,金属,,,,,,,1点,,,入り口右奥,旧水沢市民俗資料室,,寄贈,おだき（愛宕）文化財整理室,奥州市,2019年8月,合同会社AMANE,
ODK00387,琴,木,金属,絹ヵ,,,,,1点,,,入り口右奥,旧水沢市民俗資料室,,寄贈,おだき（愛宕）文化財整理室,奥州市,2019年8月,合同会社AMANE,
ODK00388,看板,木,,,,,,,1点,,,入り口右奥,旧水沢市民俗資料室,,寄贈,おだき（愛宕）文化財整理室,奥州市,2019年8月,合同会社AMANE,
ODK00389,机,木,金属,,,,,,1点,,,入り口右奥,旧水沢市民俗資料室,,寄贈,おだき（愛宕）文化財整理室,奥州市,2019年8月,合同会社AMANE,
ODK00390,机,木,金属,,,,,,1点,,右の引き出しの中に物あり。鍵、錠前、ハンコ等。,入り口右奥,旧水沢市民俗資料室,,寄贈,おだき（愛宕）文化財整理室,奥州市,2019年8月,合同会社AMANE,
ODK00391,鉾ヵ,木,金属,毛,その他(螺鈿),,,,1点,,,入り口右奥,旧水沢市民俗資料室,,寄贈,おだき（愛宕）文化財整理室,奥州市,2019年8月,合同会社AMANE,
ODK00392,杖,木,植物繊維,竹,,,,,1点,,,入り口右奥,旧水沢市民俗資料室,,寄贈,おだき（愛宕）文化財整理室,奥州市,2019年8月,合同会社AMANE,
ODK00393,杖,木(漆ヵ),植物繊維,,,,,,1点,,"ODK00393,ODK00394はまとめられているため、一度に撮影した。",入り口右奥,旧水沢市民俗資料室,,寄贈,おだき（愛宕）文化財整理室,奥州市,2019年8月,合同会社AMANE,
ODK00394,杖,木(漆),植物繊維,,,,,,1点,,"ODK00393,ODK00394はまとめられているため、一度に撮影した。",入り口右奥,旧水沢市民俗資料室,,寄贈,おだき（愛宕）文化財整理室,奥州市,2019年8月,合同会社AMANE,
ODK00395,掃除機,合成樹脂,金属,,,,,,1揃(複数),,部品あり。,入り口右奥,旧水沢市民俗資料室,,寄贈,おだき（愛宕）文化財整理室,奥州市,2019年8月,合同会社AMANE,
ODK00396,洗濯機,合成樹脂,金属,,,,,,1点,,,入り口右奥,旧水沢市民俗資料室,,寄贈,おだき（愛宕）文化財整理室,奥州市,2019年8月,合同会社AMANE,
ODK00397,竜吐水（ポンプ）,金属,木,,,,,,1点,,,入り口右奥,旧水沢市民俗資料室,,寄贈,おだき（愛宕）文化財整理室,奥州市,2019年8月,合同会社AMANE,
ODK00398,竜吐水（ポンプ）,金属,木,,,,,,1点,,,入り口右奥,旧水沢市民俗資料室,,寄贈,おだき（愛宕）文化財整理室,奥州市,2019年8月,合同会社AMANE,
ODK00399,釜,木,金属,,,,,,1点,破損,ODK00400の上に乗せられていた。,入り口右奥,旧水沢市民俗資料室,,寄贈,おだき（愛宕）文化財整理室,奥州市,2019年8月,合同会社AMANE,
ODK00400,鍋台,木,金属,,,,,,1点,,ODK00399を上に乗せていた。,入り口右奥,旧水沢市民俗資料室,,寄贈,おだき（愛宕）文化財整理室,奥州市,2019年8月,合同会社AMANE,
ODK00401,桶,木,竹,,,,,,1点,破損,,入り口右奥,旧水沢市民俗資料室,,寄贈,おだき（愛宕）文化財整理室,奥州市,2019年8月,合同会社AMANE,
ODK00402,柄杓,木,金属,,,,,,1点,,ODK00401に入っていた。,入り口右奥,旧水沢市民俗資料室,,寄贈,おだき（愛宕）文化財整理室,奥州市,2019年8月,合同会社AMANE,
ODK00403,がんどう,金属,木,植物繊維,,,,,1点,,ODK00401に入っていた。,入り口右奥,旧水沢市民俗資料室,,寄贈,おだき（愛宕）文化財整理室,奥州市,2019年8月,合同会社AMANE,
ODK00404,布製品,植物繊維,,,,,,,1点,,ODK00401に入っていた。,入り口右奥,旧水沢市民俗資料室,,寄贈,おだき（愛宕）文化財整理室,奥州市,2019年8月,合同会社AMANE,
ODK00405,桶,木,金属,竹,,,,,1点,,,入り口右奥,旧水沢市民俗資料室,,寄贈,おだき（愛宕）文化財整理室,奥州市,2019年8月,合同会社AMANE,
ODK00406,桶,木(漆),竹,,,,,,1点,,,入り口右奥,旧水沢市民俗資料室,,寄贈,おだき（愛宕）文化財整理室,奥州市,2019年8月,合同会社AMANE,
ODK00407,桶,木(漆),竹,,,,,,1点,,,入り口右奥,旧水沢市民俗資料室,,寄贈,おだき（愛宕）文化財整理室,奥州市,2019年8月,合同会社AMANE,
ODK00408,こうり,竹,植物繊維,,,,,,1点,,ODK00409からODK00415、ODK00422からODK00425が入っていた。,入り口右奥,旧水沢市民俗資料室,,寄贈,おだき（愛宕）文化財整理室,奥州市,2019年8月,合同会社AMANE,
ODK00409,ちょうちん,紙,竹,木,金属,木(漆ヵ),,,1点,破損,ODK00408の中に入っていた。,入り口右奥,旧水沢市民俗資料室,,寄贈,おだき（愛宕）文化財整理室,奥州市,2019年8月,合同会社AMANE,
ODK00410,笊,竹,植物繊維,,,,,,1点,破損,ODK00408の中に入っていた。,入り口右奥,旧水沢市民俗資料室,,寄贈,おだき（愛宕）文化財整理室,奥州市,2019年8月,合同会社AMANE,
ODK00411,提灯,紙,竹,木,金属,木(漆ヵ),,,1点,破損,ODK00408の中に入っていた。,入り口右奥,旧水沢市民俗資料室,,寄贈,おだき（愛宕）文化財整理室,奥州市,2019年8月,合同会社AMANE,
ODK00412,笊（めしざる）,竹,,,,,,,1点,破損,ODK00408の中に入っていた。,入り口右奥,旧水沢市民俗資料室,,寄贈,おだき（愛宕）文化財整理室,奥州市,2019年8月,合同会社AMANE,
ODK00413,籠,竹,,,,,,,1点,破損,ODK00408の中に入っていた。,入り口右奥,旧水沢市民俗資料室,,寄贈,おだき（愛宕）文化財整理室,奥州市,2019年8月,合同会社AMANE,
ODK00414,籠,植物繊維,,,,,,,1点,,ODK00408の中に入っていた。,入り口右奥,旧水沢市民俗資料室,,寄贈,おだき（愛宕）文化財整理室,奥州市,2019年8月,合同会社AMANE,
ODK00415,箕,竹,金属,,,,,,1点,,ODK00408の中に入っていた。,入り口右奥,旧水沢市民俗資料室,,寄贈,おだき（愛宕）文化財整理室,奥州市,2019年8月,合同会社AMANE,
ODK00416,かてきり,木,金属,,,,,,1点,,,入り口右奥,旧水沢市民俗資料室,,寄贈,おだき（愛宕）文化財整理室,奥州市,2019年8月,合同会社AMANE,
ODK00417,手編機,木,金属,合成樹脂,木(漆ヵ),,,,1点,,木箱入り。,入り口右奥,旧水沢市民俗資料室,,寄贈,おだき（愛宕）文化財整理室,奥州市,2019年8月,合同会社AMANE,
ODK00418,灯台ヵ,金属,植物繊維,,,,,,1点,,,入り口右奥,旧水沢市民俗資料室,,寄贈,おだき（愛宕）文化財整理室,奥州市,2019年8月,合同会社AMANE,
ODK00419,投書箱,木,金属,,,,,,1点,,,入り口右奥,旧水沢市民俗資料室,,寄贈,おだき（愛宕）文化財整理室,奥州市,2019年8月,合同会社AMANE,
ODK00420,箱ちょうちん,木(漆),金属,紙,竹,植物繊維,,,1点,破損,ろうそく入り。,入り口右奥,旧水沢市民俗資料室,,寄贈,おだき（愛宕）文化財整理室,奥州市,2019年8月,合同会社AMANE,
ODK00421,箱ちょうちん,木,植物繊維,漆,竹,紙,,,1点,,,入り口右奥,旧水沢市民俗資料室,,寄贈,おだき（愛宕）文化財整理室,奥州市,2019年8月,合同会社AMANE,
ODK00422,座布団,植物繊維,,,,,,,1点,カビ,ODK00408の中に入っていた。,入り口右奥,旧水沢市民俗資料室,,寄贈,おだき（愛宕）文化財整理室,奥州市,2019年8月,合同会社AMANE,
ODK00423,座布団,植物繊維,,,,,,,1点,カビ,ODK00408の中に入っていた。,入り口右奥,旧水沢市民俗資料室,,寄贈,おだき（愛宕）文化財整理室,奥州市,2019年8月,合同会社AMANE,
ODK00424,座布団,植物繊維,,,,,,,1点,カビ,ODK00408の中に入っていた。,入り口右奥,旧水沢市民俗資料室,,寄贈,おだき（愛宕）文化財整理室,奥州市,2019年8月,合同会社AMANE,
ODK00425,座布団,植物繊維,,,,,,,1点,カビ,ODK00408の中に入っていた。,入り口右奥,旧水沢市民俗資料室,,寄贈,おだき（愛宕）文化財整理室,奥州市,2019年8月,合同会社AMANE,
ODK00426,洗濯板,木,,,,,,,1点,,,入り口右奥,旧水沢市民俗資料室,,寄贈,おだき（愛宕）文化財整理室,奥州市,2019年8月,合同会社AMANE,
ODK00427,はばき,革,金属,,,,,,1対(2点),,,入り口右奥,旧水沢市民俗資料室,,寄贈,おだき（愛宕）文化財整理室,奥州市,2019年8月,合同会社AMANE,
ODK00428,かすり,木,金属,,,,,,1点,,,入り口右奥,旧水沢市民俗資料室,,寄贈,おだき（愛宕）文化財整理室,奥州市,2019年8月,合同会社AMANE,
ODK00429,台十能ヵ,木,金属,,,,,,1点,,,入り口右奥,旧水沢市民俗資料室,,寄贈,おだき（愛宕）文化財整理室,奥州市,2019年8月,合同会社AMANE,
ODK00430,スピーカー,金属,木,紙,革ヵ,植物繊維,,,1点,破損,,入り口右奥,旧水沢市民俗資料室,,寄贈,おだき（愛宕）文化財整理室,奥州市,2019年8月,合同会社AMANE,
ODK00431,ラジオ,木,金属,植物繊維,合成樹脂,,,,1点,,,入り口右奥,旧水沢市民俗資料室,,寄贈,おだき（愛宕）文化財整理室,奥州市,2019年8月,合同会社AMANE,
ODK00432,湯桶,木(漆),,,,,,,1点,,,入り口右奥,旧水沢市民俗資料室,,寄贈,おだき（愛宕）文化財整理室,奥州市,2019年8月,合同会社AMANE,
ODK00433,麦つぶし機ヵ,木,金属,,,,,,1点,,,入り口右奥,旧水沢市民俗資料室,,寄贈,おだき（愛宕）文化財整理室,奥州市,2019年8月,合同会社AMANE,
ODK00434,麦つぶし機ヵ,木,金属,,,,,,1点,,,入り口右奥,旧水沢市民俗資料室,,寄贈,おだき（愛宕）文化財整理室,奥州市,2019年8月,合同会社AMANE,
ODK00435,麦つぶし機ヵ,木,金属,,,,,,1点,,,入り口右奥,旧水沢市民俗資料室,,寄贈,おだき（愛宕）文化財整理室,奥州市,2019年8月,合同会社AMANE,
ODK00436,煙草盆,木,金属,竹,木(漆),,,,1揃(複数),欠損,,入り口右奥,旧水沢市民俗資料室,,寄贈,おだき（愛宕）文化財整理室,奥州市,2019年8月,合同会社AMANE,
ODK00437,冷蔵庫,金属,合成樹脂,,,,,,1点,,,入り口右奥,旧水沢市民俗資料室,,寄贈,おだき（愛宕）文化財整理室,奥州市,2019年8月,合同会社AMANE,
ODK00438,うす,木,,,,,,,1点,,中に物少しあり,入り口右奥,旧水沢市民俗資料室,,寄贈,おだき（愛宕）文化財整理室,奥州市,2019年8月,合同会社AMANE,
ODK00439,菓子道具,木,金属,,,,,,58点（内訳：17対(2点)、24点）,,2点で1セットのものが17対あり,入り口右奥,旧水沢市民俗資料室,,寄贈,おだき（愛宕）文化財整理室,奥州市,2019年8月,合同会社AMANE,
ODK00440,バケツ等,金属,植物繊維,合成樹脂,木,,,,1揃(4点),破損,,入り口右奥,旧水沢市民俗資料室,,寄贈,おだき（愛宕）文化財整理室,奥州市,2019年8月,合同会社AMANE,
ODK00441,小手桶,木,植物繊維,,,,,,1点,,,入り口右奥,旧水沢市民俗資料室,,寄贈,おだき（愛宕）文化財整理室,奥州市,2019年8月,合同会社AMANE,
ODK00442,板,木,金属,,,,,,1点,,ODK00442とODK00483は同一資料か。,入り口右奥,旧水沢市民俗資料室,,寄贈,おだき（愛宕）文化財整理室,奥州市,2019年8月,合同会社AMANE,
ODK00443,板,木,,,,,,,1点,,,入り口右奥,旧水沢市民俗資料室,,寄贈,おだき（愛宕）文化財整理室,奥州市,2019年8月,合同会社AMANE,
ODK00444,石,石,植物繊維,,,,,,1点,,,入り口右奥,旧水沢市民俗資料室,,寄贈,おだき（愛宕）文化財整理室,奥州市,2019年8月,合同会社AMANE,
ODK00445,火鉢（小）,陶陶磁器,,,,,,,1点,,中に灰、新聞紙（1983年6月1日）あり。,入り口右奥,旧水沢市民俗資料室,,寄贈,おだき（愛宕）文化財整理室,奥州市,2019年8月,合同会社AMANE,
ODK00446,火鉢（小）,陶陶磁器,,,,,,,1点,,中に灰、新聞紙（1983年6月1日）あり。,入り口右奥,旧水沢市民俗資料室,,寄贈,おだき（愛宕）文化財整理室,奥州市,2019年8月,合同会社AMANE,
ODK00447,火鉢（小）,陶陶磁器,,,,,,,1点,,中に灰、広告あり。,入り口右奥,旧水沢市民俗資料室,,寄贈,おだき（愛宕）文化財整理室,奥州市,2019年8月,合同会社AMANE,
ODK00448,箱,木（塗）,,,,,,,1揃(6点),,内1点蓋付き。その中に5点入っていた。屋号は同じものがすべての箱に墨書で書かれている。,入り口右奥,旧水沢市民俗資料室,,寄贈,おだき（愛宕）文化財整理室,奥州市,2019年8月,合同会社AMANE,
ODK00449,粉とおし,木,金属,植物繊維,,,,,1点,,,入り口右奥,旧水沢市民俗資料室,,寄贈,おだき（愛宕）文化財整理室,奥州市,2019年8月,合同会社AMANE,
ODK00450,籠,竹,藁,木,,,,,1点,,,入り口右奥,旧水沢市民俗資料室,,寄贈,おだき（愛宕）文化財整理室,奥州市,2019年8月,合同会社AMANE,
ODK00451,籠,竹,藁,木,植物繊維,,,,1点,,,入り口右奥,旧水沢市民俗資料室,,寄贈,おだき（愛宕）文化財整理室,奥州市,2019年8月,合同会社AMANE,
ODK00452,台,木,金属,,,,,,1点,,,入り口右奥,旧水沢市民俗資料室,,寄贈,おだき（愛宕）文化財整理室,奥州市,2019年8月,合同会社AMANE,
ODK00453,行火,陶陶磁器,紙,,,,,,1点,,中に灰あり。,入り口右奥,旧水沢市民俗資料室,,寄贈,おだき（愛宕）文化財整理室,奥州市,2019年8月,合同会社AMANE,
ODK00454,こたつ（枠）,木,金属,,,,,,1点,,,入り口右奥,旧水沢市民俗資料室,,寄贈,おだき（愛宕）文化財整理室,奥州市,2019年8月,合同会社AMANE,
ODK00455,やかん,金属,木,,,,,,1点,,,入り口右奥,旧水沢市民俗資料室,,寄贈,おだき（愛宕）文化財整理室,奥州市,2019年8月,合同会社AMANE,
ODK00456,湯たんぽ,陶陶磁器,,,,,,,1点,,,入り口右奥,旧水沢市民俗資料室,,寄贈,おだき（愛宕）文化財整理室,奥州市,2019年8月,合同会社AMANE,
ODK00457,鍋,金属,,,,,,,1点,,,入り口右奥,旧水沢市民俗資料室,,寄贈,おだき（愛宕）文化財整理室,奥州市,2019年8月,合同会社AMANE,
ODK00458,水筒,木(漆),植物繊維,金属,,,,,1点,,,入り口右奥,旧水沢市民俗資料室,,寄贈,おだき（愛宕）文化財整理室,奥州市,2019年8月,合同会社AMANE,
ODK00459,鍋（注ぎ口付）,金属,,,,,,,1点,,,入り口右奥,旧水沢市民俗資料室,,寄贈,おだき（愛宕）文化財整理室,奥州市,2019年8月,合同会社AMANE,
ODK00460,鍋（蓋付）,金属,木,,,,,,1点,,,入り口右奥,旧水沢市民俗資料室,,寄贈,おだき（愛宕）文化財整理室,奥州市,2019年8月,合同会社AMANE,
ODK00461,鍋,金属,,,,,,,1点,,,入り口右奥,旧水沢市民俗資料室,,寄贈,おだき（愛宕）文化財整理室,奥州市,2019年8月,合同会社AMANE,
ODK00462,まな板,木,,,,,,,1点,,,入り口右奥,旧水沢市民俗資料室,,寄贈,おだき（愛宕）文化財整理室,奥州市,2019年8月,合同会社AMANE,
ODK00463,かばん,革,金属,植物繊維,,,,,1点,,手荷物札1枚あり,入り口右奥,旧水沢市民俗資料室,,寄贈,おだき（愛宕）文化財整理室,奥州市,2019年8月,合同会社AMANE,
ODK00464,焼型,金属,木,,,,,,1揃(2点),,返し1点付属,入り口右奥,旧水沢市民俗資料室,,寄贈,おだき（愛宕）文化財整理室,奥州市,2019年8月,合同会社AMANE,
ODK00465,焼型,金属,,,,,,,1点,,,入り口右奥,旧水沢市民俗資料室,,寄贈,おだき（愛宕）文化財整理室,奥州市,2019年8月,合同会社AMANE,
ODK00466,鍋（蓋付）,金属,木,,,,,,1点,,,入り口右奥,旧水沢市民俗資料室,,寄贈,おだき（愛宕）文化財整理室,奥州市,2019年8月,合同会社AMANE,
ODK00467,謄写版,木,金属,植物繊維,紙,その他(インクあり),,,1揃(複数),,木箱入り。刷り途中原稿あり（北下巾運動会役員名簿）。,入り口右奥,旧水沢市民俗資料室,,寄贈,おだき（愛宕）文化財整理室,奥州市,2019年8月,合同会社AMANE,
ODK00468,謄写版,木,金属,植物繊維,紙,その他(インクあり),,,1揃(複数),,木箱入り。,入り口右奥,旧水沢市民俗資料室,,寄贈,おだき（愛宕）文化財整理室,奥州市,2019年8月,合同会社AMANE,
ODK00469,謄写版,木,金属,植物繊維,紙,その他(インクあり),,,1揃(複数),カビ,木箱入り。原稿あり,入り口右奥,旧水沢市民俗資料室,,寄贈,おだき（愛宕）文化財整理室,奥州市,2019年8月,合同会社AMANE,
ODK00470,鍋,金属,,,,,,,1点,,,入り口右奥,旧水沢市民俗資料室,,寄贈,おだき（愛宕）文化財整理室,奥州市,2019年8月,合同会社AMANE,
ODK00471,ナイフ・フォーク等セット,金属,その他(柄の部分動物の角ヵ合成樹脂ヵ),,,,,,1揃（19点、内訳：ナイフ6点・スプーン3点・フォーク10点),,箱入り。資料本体に刻印あり、メーカー・トレードマークか、不揃い。,入り口右奥,旧水沢市民俗資料室,,寄贈,おだき（愛宕）文化財整理室,奥州市,2019年8月,合同会社AMANE,
ODK00472,壺（蓋付）,陶陶磁器,,,,,,,1点,,,入り口右奥,旧水沢市民俗資料室,,寄贈,おだき（愛宕）文化財整理室,奥州市,2019年8月,合同会社AMANE,
ODK00473,鍋,金属,,,,,,,1点,,,入り口右奥,旧水沢市民俗資料室,,寄贈,おだき（愛宕）文化財整理室,奥州市,2019年8月,合同会社AMANE,
ODK00474,器,金属（コーティング）,,,,,,,1点,,,入り口右奥,旧水沢市民俗資料室,,寄贈,おだき（愛宕）文化財整理室,奥州市,2019年8月,合同会社AMANE,
ODK00475,型,金属,,,,,,,1点,,,入り口右奥,旧水沢市民俗資料室,,寄贈,おだき（愛宕）文化財整理室,奥州市,2019年8月,合同会社AMANE,
ODK00476,型,金属,,,,,,,1点,,,入り口右奥,旧水沢市民俗資料室,,寄贈,おだき（愛宕）文化財整理室,奥州市,2019年8月,合同会社AMANE,
ODK00477,型,金属,,,,,,,1点,,,入り口右奥,旧水沢市民俗資料室,,寄贈,おだき（愛宕）文化財整理室,奥州市,2019年8月,合同会社AMANE,
ODK00478,鍋（蓋付）,金属,木,,,,,,1点,,,入り口右奥,旧水沢市民俗資料室,,寄贈,おだき（愛宕）文化財整理室,奥州市,2019年8月,合同会社AMANE,
ODK00479,水桶（手提げ）,木,金属,植物繊維,,,,,1点,破損,,入り口右奥,旧水沢市民俗資料室,,寄贈,おだき（愛宕）文化財整理室,奥州市,2019年8月,合同会社AMANE,
ODK00480,かめ,陶陶磁器,金属,,,,,,1点,,,入り口右奥,旧水沢市民俗資料室,,寄贈,おだき（愛宕）文化財整理室,奥州市,2019年8月,合同会社AMANE,
ODK00481,かめ,陶陶磁器,,,,,,,1点,破損,,入り口右奥,旧水沢市民俗資料室,,寄贈,おだき（愛宕）文化財整理室,奥州市,2019年8月,合同会社AMANE,
ODK00482,書物入れ箱,木,金属,,,,,,1揃(複数),,中に物あり。ガラス乾板、ボタン等。,入り口右奥,旧水沢市民俗資料室,,寄贈,おだき（愛宕）文化財整理室,奥州市,2019年8月,合同会社AMANE,
ODK00483,箱,木,金属,,,,,,1点,破損,ODK00442とODK00483は同一資料か。,入り口右奥,旧水沢市民俗資料室,,寄贈,おだき（愛宕）文化財整理室,奥州市,2019年8月,合同会社AMANE,
ODK00484,鍋,金属,木,,,,,,1点,,,入り口右奥,旧水沢市民俗資料室,,寄贈,おだき（愛宕）文化財整理室,奥州市,2019年8月,合同会社AMANE,
ODK00485,徳利,陶陶磁器,植物繊維,,,,,,1点,,,入り口右奥,旧水沢市民俗資料室,,寄贈,おだき（愛宕）文化財整理室,奥州市,2019年8月,合同会社AMANE,
ODK00486,かめ,陶陶磁器,,,,,,,1点,,,入り口右奥,旧水沢市民俗資料室,,寄贈,おだき（愛宕）文化財整理室,奥州市,2019年8月,合同会社AMANE,
ODK00487,かめ,陶陶磁器,,,,,,,1点,,,入り口右奥,旧水沢市民俗資料室,,寄贈,おだき（愛宕）文化財整理室,奥州市,2019年8月,合同会社AMANE,
ODK00488,拍子木,木,,,,,,,1対(2点),,,入り口右奥,旧水沢市民俗資料室,,寄贈,おだき（愛宕）文化財整理室,奥州市,2019年8月,合同会社AMANE,
ODK00489,すり鉢,陶陶磁器,,,,,,,1点,,,入り口右奥,旧水沢市民俗資料室,,寄贈,おだき（愛宕）文化財整理室,奥州市,2019年8月,合同会社AMANE,
ODK00490,焼き型ヵ,金属,木,,,,,,1点,,,入り口右奥,旧水沢市民俗資料室,,寄贈,おだき（愛宕）文化財整理室,奥州市,2019年8月,合同会社AMANE,
ODK00491,徳利,陶陶磁器,植物繊維,,,,,,1点,,,入り口右奥,旧水沢市民俗資料室,,寄贈,おだき（愛宕）文化財整理室,奥州市,2019年8月,合同会社AMANE,
ODK00492,かめ,陶陶磁器,,,,,,,1点,破損,,入り口右奥,旧水沢市民俗資料室,,寄贈,おだき（愛宕）文化財整理室,奥州市,2019年8月,合同会社AMANE,
ODK00493,柄杓,木,,,,,,,1点,,,入り口右奥,旧水沢市民俗資料室,,寄贈,おだき（愛宕）文化財整理室,奥州市,2019年8月,合同会社AMANE,
ODK00494,柄杓,木,,,,,,,1点,,,入り口右奥,旧水沢市民俗資料室,,寄贈,おだき（愛宕）文化財整理室,奥州市,2019年8月,合同会社AMANE,
ODK00495,洗面器,金属,,,,,,,1点,,,入り口右奥,旧水沢市民俗資料室,,寄贈,おだき（愛宕）文化財整理室,奥州市,2019年8月,合同会社AMANE,
ODK00496,洗面器,金属,,,,,,,1点,,,入り口右奥,旧水沢市民俗資料室,,寄贈,おだき（愛宕）文化財整理室,奥州市,2019年8月,合同会社AMANE,
ODK00497,蒸釜,金属,木,,,,,,1点,,,入り口右奥,旧水沢市民俗資料室,,寄贈,おだき（愛宕）文化財整理室,奥州市,2019年8月,合同会社AMANE,
ODK00498,鍋台,金属,木,,,,,,1点,欠損,,入り口右奥,旧水沢市民俗資料室,,寄贈,おだき（愛宕）文化財整理室,奥州市,2019年8月,合同会社AMANE,
ODK00499,馬具,植物繊維,金属,,,,,,1点,,,入り口右奥,旧水沢市民俗資料室,,寄贈,おだき（愛宕）文化財整理室,奥州市,2019年8月,合同会社AMANE,
ODK00500,看板,石,,,,,,,1点,,,入り口右奥,旧水沢市民俗資料室,,寄贈,おだき（愛宕）文化財整理室,奥州市,2019年8月,合同会社AMANE,
ODK00501,竈神型,石,紙,,,,,,1点,,型をとった形跡あり,入り口右奥,旧水沢市民俗資料室,,寄贈,おだき（愛宕）文化財整理室,奥州市,2019年8月,合同会社AMANE,
ODK00502,竈神型,石,,,,,,,1点,,,入り口右奥,旧水沢市民俗資料室,,寄贈,おだき（愛宕）文化財整理室,奥州市,2019年8月,合同会社AMANE,
ODK00503,竈神型,石,紙,,,,,,1点,,型をとった形跡あり,入り口右奥,旧水沢市民俗資料室,,寄贈,おだき（愛宕）文化財整理室,奥州市,2019年8月,合同会社AMANE,
ODK00504,提灯,木,紙,植物繊維,金属,その他(顔料ヵ),,,1点,破損,ODK00504-00505まで紙箱入り,入り口右奥,旧水沢市民俗資料室,,寄贈,おだき（愛宕）文化財整理室,奥州市,2019年8月,合同会社AMANE,
ODK00505,提灯,木,紙,植物繊維,金属,合成樹脂,,,1点,破損,ODK00504-00505まで紙箱入り,入り口右奥,旧水沢市民俗資料室,,寄贈,おだき（愛宕）文化財整理室,奥州市,2019年8月,合同会社AMANE,
ODK00506,棒秤,木,金属,植物繊維,,,,,1揃(2点),破損,棒に目盛あり,入り口右奥,旧水沢市民俗資料室,,寄贈,おだき（愛宕）文化財整理室,奥州市,2019年8月,合同会社AMANE,
ODK00507,竪杵,木,,,,,,,1点,,,入り口右奥,旧水沢市民俗資料室,,寄贈,おだき（愛宕）文化財整理室,奥州市,2019年8月,合同会社AMANE,
ODK00508,竪杵,木,,,,,,,1点,,,入り口右奥,旧水沢市民俗資料室,,寄贈,おだき（愛宕）文化財整理室,奥州市,2019年8月,合同会社AMANE,
ODK00509,天秤棒,木,金属,,,,,,1点,,,入り口右奥,旧水沢市民俗資料室,,寄贈,おだき（愛宕）文化財整理室,奥州市,2019年8月,合同会社AMANE,
ODK00510,農具ヵ,木,金属,植物繊維,,,,,1点,,,入り口右奥,旧水沢市民俗資料室,,寄贈,おだき（愛宕）文化財整理室,奥州市,2019年8月,合同会社AMANE,
ODK00511,棒秤,木,金属,植物繊維,,,,,1点,,棒に目盛あり,入り口右奥,旧水沢市民俗資料室,,寄贈,おだき（愛宕）文化財整理室,奥州市,2019年8月,合同会社AMANE,
ODK00512,棒秤,木,金属,植物繊維,,,,,1点,,棒に目盛あり,入り口右奥,旧水沢市民俗資料室,,寄贈,おだき（愛宕）文化財整理室,奥州市,2019年8月,合同会社AMANE,
ODK00513,棒秤,木,金属,植物繊維,,,,,1点,,棒に目盛あり,入り口右奥,旧水沢市民俗資料室,,寄贈,おだき（愛宕）文化財整理室,奥州市,2019年8月,合同会社AMANE,
ODK00514,棒秤,木,金属,植物繊維,,,,,1点,,棒に目盛あり,入り口右奥,旧水沢市民俗資料室,,寄贈,おだき（愛宕）文化財整理室,奥州市,2019年8月,合同会社AMANE,
ODK00515,棒秤,木,金属,植物繊維,,,,,1点,,棒に目盛あり,入り口右奥,旧水沢市民俗資料室,,寄贈,おだき（愛宕）文化財整理室,奥州市,2019年8月,合同会社AMANE,
ODK00516,分銅,金属,,,,,,,1点,,,入り口右奥,旧水沢市民俗資料室,,寄贈,おだき（愛宕）文化財整理室,奥州市,2019年8月,合同会社AMANE,
ODK00517,分銅,金属,植物繊維,,,,,,1点,,,入り口右奥,旧水沢市民俗資料室,,寄贈,おだき（愛宕）文化財整理室,奥州市,2019年8月,合同会社AMANE,
ODK00518,分銅,金属,植物繊維,,,,,,1点,,,入り口右奥,旧水沢市民俗資料室,,寄贈,おだき（愛宕）文化財整理室,奥州市,2019年8月,合同会社AMANE,
ODK00519,槌（アオツチ）,木,金属,,,,,,1点,破損,,入り口右奥,旧水沢市民俗資料室,,寄贈,おだき（愛宕）文化財整理室,奥州市,2019年8月,合同会社AMANE,
ODK00520,横杵,木,,,,,,,1点,,,入り口右奥,旧水沢市民俗資料室,,寄贈,おだき（愛宕）文化財整理室,奥州市,2019年8月,合同会社AMANE,
ODK00521,槌（あおづつ）,木,金属,,,,,,1点,,,入り口右奥,旧水沢市民俗資料室,,寄贈,おだき（愛宕）文化財整理室,奥州市,2019年8月,合同会社AMANE,
ODK00522,槌,木,,,,,,,1点,破損,,入り口右奥,旧水沢市民俗資料室,,寄贈,おだき（愛宕）文化財整理室,奥州市,2019年8月,合同会社AMANE,
ODK00523,杵,木,,,,,,,1点,,,入り口右奥,旧水沢市民俗資料室,,寄贈,おだき（愛宕）文化財整理室,奥州市,2019年8月,合同会社AMANE,
ODK00524,杵,木,,,,,,,1点,,,入り口右奥,旧水沢市民俗資料室,,寄贈,おだき（愛宕）文化財整理室,奥州市,2019年8月,合同会社AMANE,
ODK00525,皿,陶磁器,,,,,,,1揃(34点),,木箱入り。新聞紙が間に挟まっている。,入り口右手前,旧水沢市民俗資料室,,寄贈,おだき（愛宕）文化財整理室,奥州市,2019年8月,合同会社AMANE,
ODK00526,皿,陶陶磁器,,,,,,,1揃(19点),1枚欠損ヵ,木箱入り。新聞紙が間に挟まっている。箱に金属の取手あり。,入り口右手前,旧水沢市民俗資料室,,寄贈,おだき（愛宕）文化財整理室,奥州市,2019年8月,合同会社AMANE,
ODK00527,皿,陶陶磁器,,,,,,,1揃(20点),,木箱入り。紙、新聞紙が間に挟まっている。箱蓋割れ。,入り口右手前,旧水沢市民俗資料室,,寄贈,おだき（愛宕）文化財整理室,奥州市,2019年8月,合同会社AMANE,
ODK00528,皿,陶陶磁器,,,,,,,1揃(20点),破損,木箱入り。紙が間に挟まっている。,入り口右手前,旧水沢市民俗資料室,,寄贈,おだき（愛宕）文化財整理室,奥州市,2019年8月,合同会社AMANE,
ODK00529,膳,木(漆),,,,,,,1揃(4点),,木箱入り。新聞紙が間に挟まっている。,入り口右手前,旧水沢市民俗資料室,,寄贈,おだき（愛宕）文化財整理室,奥州市,2019年8月,合同会社AMANE,
ODK00530,膳,木(漆),,,,,,,1揃(4点),,木箱入り。新聞紙が間に挟まっている。,入り口右手前,旧水沢市民俗資料室,,寄贈,おだき（愛宕）文化財整理室,奥州市,2019年8月,合同会社AMANE,
ODK00531,膳,木(漆),,,,,,,1揃(4点),,木箱入り。新聞紙が間に挟まっている。,入り口右手前,旧水沢市民俗資料室,,寄贈,おだき（愛宕）文化財整理室,奥州市,2019年8月,合同会社AMANE,
ODK00532,膳,木(漆),,,,,,,1揃(4点),,木箱入り。新聞紙が間に挟まっている。,入り口右手前,旧水沢市民俗資料室,,寄贈,おだき（愛宕）文化財整理室,奥州市,2019年8月,合同会社AMANE,
ODK00533,椀,木(漆),,,,,,,20対(40点),,木箱入り。ティッシュが間に挟まっている。,入り口右手前,旧水沢市民俗資料室,,寄贈,おだき（愛宕）文化財整理室,奥州市,2019年8月,合同会社AMANE,
ODK00534,椀,木(漆),,,,,,,3点×20揃,,木箱入り。ティッシュが間に挟まっている。,入り口右手前,旧水沢市民俗資料室,,寄贈,おだき（愛宕）文化財整理室,奥州市,2019年8月,合同会社AMANE,
ODK00535,椀,木(漆),,,,,,,20対(40点),,木箱入り。ティッシュが間に挟まっている。,入り口右手前,旧水沢市民俗資料室,,寄贈,おだき（愛宕）文化財整理室,奥州市,2019年8月,合同会社AMANE,
ODK00536,重箱,木(漆),,,,,,,1点（4段、蓋2点）,破損（傷あり）,木箱入り。,入り口右手前,旧水沢市民俗資料室,,寄贈,おだき（愛宕）文化財整理室,奥州市,2019年8月,合同会社AMANE,
ODK00537,重箱,木(漆),,,,,,,1点（4段、蓋2点）,破損（傷あり）,木箱入り。紙が間に挟まっている。,入り口右手前,旧水沢市民俗資料室,,寄贈,おだき（愛宕）文化財整理室,奥州市,2019年8月,合同会社AMANE,
ODK00538,椀,木(漆),,,,,,,20対(40点),,木箱入り。新聞紙が間に挟まっている。箱に金属の取手あり。,入り口右手前,旧水沢市民俗資料室,,寄贈,おだき（愛宕）文化財整理室,奥州市,2019年8月,合同会社AMANE,
ODK00539,皿,陶陶磁器,,,,,,,20対(40点),,木箱入り。紙とティッシュが間に挟まっている。箱蓋割れ。,入り口右手前,旧水沢市民俗資料室,,寄贈,おだき（愛宕）文化財整理室,奥州市,2019年8月,合同会社AMANE,
ODK00540,猪口,陶陶磁器,,,,,,,1揃(19点),1点欠損ヵ,木箱入り。紙が間に挟まっている。箱蓋割れ。,入り口右手前,旧水沢市民俗資料室,,寄贈,おだき（愛宕）文化財整理室,奥州市,2019年8月,合同会社AMANE,
ODK00541,膳等,木(漆),,,,,,,1揃(膳2点、丸い容器1点、蓋4点),破損（傷あり）,木箱入り。紙が間に挟まっている。箱蓋欠損。蓋2枚重なって取れない。,入り口右手前,旧水沢市民俗資料室,,寄贈,おだき（愛宕）文化財整理室,奥州市,2019年8月,合同会社AMANE,
ODK00542,椀,木(漆),,,,,,,20対(40点),,木箱入り。スポンジと紙とティッシュが間に挟まっている。,入り口右手前,旧水沢市民俗資料室,,寄贈,おだき（愛宕）文化財整理室,奥州市,2019年8月,合同会社AMANE,
ODK00543,椀,木(漆),,,,,,,1揃(72点、蓋と椀の内訳は不明),,木箱入り。ティッシュが間に挟まっている。箱蓋なし。,入り口右手前,旧水沢市民俗資料室,,寄贈,おだき（愛宕）文化財整理室,奥州市,2019年8月,合同会社AMANE,
ODK00544,膳,木(漆),,,,,,,1揃(10点),破損,新聞紙を間にはさんで、紐で一括。,入り口右手前,旧水沢市民俗資料室,,寄贈,おだき（愛宕）文化財整理室,奥州市,2019年8月,合同会社AMANE,
ODK00545,膳,木(漆),,,,,,,1揃(9点),破損,ダンボール箱に一括。,入り口右手前,旧水沢市民俗資料室,,寄贈,おだき（愛宕）文化財整理室,奥州市,2019年8月,合同会社AMANE,
ODK00546,膳,木(漆),,,,,,,1揃(5点),,紙が間に挟まっている。紐で一括。,入り口右手前,旧水沢市民俗資料室,,寄贈,おだき（愛宕）文化財整理室,奥州市,2019年8月,合同会社AMANE,
ODK00547,膳,木(漆),,,,,,,1揃(5点),,紙が間に挟まっている。紐で一括。,入り口右手前,旧水沢市民俗資料室,,寄贈,おだき（愛宕）文化財整理室,奥州市,2019年8月,合同会社AMANE,
ODK00548,膳,木(漆),,,,,,,1揃(8点),,新聞紙を間にはさんで、紐で一括。,入り口右手前,旧水沢市民俗資料室,,寄贈,おだき（愛宕）文化財整理室,奥州市,2019年8月,合同会社AMANE,
ODK00549,おかもち,木（塗）,,,,,,,1点,,,入り口右手前,旧水沢市民俗資料室,,寄贈,おだき（愛宕）文化財整理室,奥州市,2019年8月,合同会社AMANE,
ODK00550,台,木(漆),,,,,,,1点,,,入り口右手前,旧水沢市民俗資料室,,寄贈,おだき（愛宕）文化財整理室,奥州市,2019年8月,合同会社AMANE,
ODK00551,鎧兜,金属,植物繊維,革,紙,,,,1揃(複数),破損,木箱入り。,入り口右手前,旧水沢市民俗資料室,,寄贈,おだき（愛宕）文化財整理室,奥州市,2019年8月,合同会社AMANE,
ODK00552,アイスクリーム製造機,木,金属,,,,,,1点,腐食,,入り口右手前,旧水沢市民俗資料室,,寄贈,おだき（愛宕）文化財整理室,奥州市,2019年8月,合同会社AMANE,
ODK00553,枡,木,金属,,,,,,1点,,,入り口右手前,旧水沢市民俗資料室,,寄贈,おだき（愛宕）文化財整理室,奥州市,2019年8月,合同会社AMANE,
ODK00554,枡,木,金属,,,,,,1点,,,入り口右手前,旧水沢市民俗資料室,,寄贈,おだき（愛宕）文化財整理室,奥州市,2019年8月,合同会社AMANE,
ODK00555,枡,木,,,,,,,1点,,,入り口右手前,旧水沢市民俗資料室,,寄贈,おだき（愛宕）文化財整理室,奥州市,2019年8月,合同会社AMANE,
ODK00556,枡,木,,,,,,,1点,,,入り口右手前,旧水沢市民俗資料室,,寄贈,おだき（愛宕）文化財整理室,奥州市,2019年8月,合同会社AMANE,
ODK00557,神棚ヵ,木,金属,,,,,,1点,破損,,入り口右手前,旧水沢市民俗資料室,,寄贈,おだき（愛宕）文化財整理室,奥州市,2019年8月,合同会社AMANE,
ODK00558,ゆとう,木(漆),,,,,,,1点,,,入り口右手前,旧水沢市民俗資料室,,寄贈,おだき（愛宕）文化財整理室,奥州市,2019年8月,合同会社AMANE,
ODK00559,たたきいたヵ,木,,,,,,,1点,,,入り口右手前,旧水沢市民俗資料室,,寄贈,おだき（愛宕）文化財整理室,奥州市,2019年8月,合同会社AMANE,
ODK00560,弁当箱（曲物）,木,,,,,,,1点,,ケース「B4食未登録」入,入り口右手前,旧水沢市民俗資料室,,寄贈,おだき（愛宕）文化財整理室,奥州市,2019年8月,合同会社AMANE,
ODK00561,弁当箱（曲物）,木,,,,,,,1点,,ケース「B4食未登録」入,入り口右手前,旧水沢市民俗資料室,,寄贈,おだき（愛宕）文化財整理室,奥州市,2019年8月,合同会社AMANE,
ODK00562,弁当箱（曲物）,木,,,,,,,1点,,ケース「B4食未登録」入,入り口右手前,旧水沢市民俗資料室,,寄贈,おだき（愛宕）文化財整理室,奥州市,2019年8月,合同会社AMANE,
ODK00563,弁当箱（曲物）,木,,,,,,,1点,,ケース「B4食未登録」入,入り口右手前,旧水沢市民俗資料室,,寄贈,おだき（愛宕）文化財整理室,奥州市,2019年8月,合同会社AMANE,
ODK00564,弁当箱（曲物）,木,,,,,,,1点,,ケース「B4食未登録」入,入り口右手前,旧水沢市民俗資料室,,寄贈,おだき（愛宕）文化財整理室,奥州市,2019年8月,合同会社AMANE,
ODK00565,弁当箱（曲物）,木,,,,,,,1点,,ケース「B4食未登録」入,入り口右手前,旧水沢市民俗資料室,,寄贈,おだき（愛宕）文化財整理室,奥州市,2019年8月,合同会社AMANE,
ODK00566,弁当箱（曲物）,木,,,,,,,1点,,ケース「B4食未登録」入,入り口右手前,旧水沢市民俗資料室,,寄贈,おだき（愛宕）文化財整理室,奥州市,2019年8月,合同会社AMANE,
ODK00567,弁当箱（曲物）,木,,,,,,,1点,,ケース「B4食未登録」入,入り口右手前,旧水沢市民俗資料室,,寄贈,おだき（愛宕）文化財整理室,奥州市,2019年8月,合同会社AMANE,
ODK00568,やかん,金属,植物繊維,,,,,,1点,欠損,ケース「B4食未登録」入,入り口右手前,旧水沢市民俗資料室,,寄贈,おだき（愛宕）文化財整理室,奥州市,2019年8月,合同会社AMANE,
ODK00569,やかん,金属,,,,,,,1点,,ケース「B4食未登録」入,入り口右手前,旧水沢市民俗資料室,,寄贈,おだき（愛宕）文化財整理室,奥州市,2019年8月,合同会社AMANE,
ODK00570,小皿,陶陶磁器,,,,,,,3点,破損,新聞紙で一括包み、ケース「B4食未登録」入,入り口右手前,旧水沢市民俗資料室,,寄贈,おだき（愛宕）文化財整理室,奥州市,2019年8月,合同会社AMANE,
ODK00571,小皿,陶陶磁器,,,,,,,3点,破損,新聞紙で一括包み、ケース「B4食未登録」入,入り口右手前,旧水沢市民俗資料室,,寄贈,おだき（愛宕）文化財整理室,奥州市,2019年8月,合同会社AMANE,
ODK00572,小皿,木(漆),,,,,,,1揃(10点),,ティッシュ間にあり、ケース「B4食未登録」入,入り口右手前,旧水沢市民俗資料室,,寄贈,おだき（愛宕）文化財整理室,奥州市,2019年8月,合同会社AMANE,
ODK00573,小皿,陶陶磁器,,,,,,,1点,破損,付札の針金部分が資料本体に付着、新聞紙で一括包み、ケース「B4食未登録」入,入り口右手前,旧水沢市民俗資料室,,寄贈,おだき（愛宕）文化財整理室,奥州市,2019年8月,合同会社AMANE,
ODK00574,酒器等,陶磁器,,,,,,,1揃(7点、内訳：猪口2点・徳利1点・徳利蓋3点・小鉢1点),,新聞紙で一括包み、ケース「B4食未登録」入,入り口右手前,旧水沢市民俗資料室,,寄贈,おだき（愛宕）文化財整理室,奥州市,2019年8月,合同会社AMANE,
ODK00575,急須,陶磁器,,,,,,,3点,欠損,新聞紙で一括包み、ケース「B4食未登録」入,入り口右手前,旧水沢市民俗資料室,,寄贈,おだき（愛宕）文化財整理室,奥州市,2019年8月,合同会社AMANE,
ODK00576,湯呑,陶磁器,,,,,,,4点,破損,新聞紙で一括包み、ケース「B4食未登録」入,入り口右手前,旧水沢市民俗資料室,,寄贈,おだき（愛宕）文化財整理室,奥州市,2019年8月,合同会社AMANE,
ODK00577,湯呑,陶磁器,,,,,,,4点,破損,新聞紙で一括包み、ケース「B4食未登録」入,入り口右手前,旧水沢市民俗資料室,,寄贈,おだき（愛宕）文化財整理室,奥州市,2019年8月,合同会社AMANE,
ODK00578,椀等,木(漆),,,,,,,4点（椀2点・蓋2点）,,新聞紙で一括包み、ケース「B4食未登録」入,入り口右手前,旧水沢市民俗資料室,,寄贈,おだき（愛宕）文化財整理室,奥州市,2019年8月,合同会社AMANE,
ODK00579,小皿,陶磁器,,,,,,,6点（1点のみ異なる種類）,破損,新聞紙で一括包み、ケース「B4食未登録」入,入り口右手前,旧水沢市民俗資料室,,寄贈,おだき（愛宕）文化財整理室,奥州市,2019年8月,合同会社AMANE,
ODK00580,盃,陶磁器,,,,,,,4点（2点のみ同じものあり）,,新聞紙で一括包み、ケース「B4食未登録」入,入り口右手前,旧水沢市民俗資料室,,寄贈,おだき（愛宕）文化財整理室,奥州市,2019年8月,合同会社AMANE,
ODK00581,調味料入,ガラス,金属,陶陶磁器,,,,,1揃(4点),,ティッシュで包み、新聞紙で一括包み、ケース「B4食未登録」入,入り口右手前,旧水沢市民俗資料室,,寄贈,おだき（愛宕）文化財整理室,奥州市,2019年8月,合同会社AMANE,
ODK00582,レコードプレーヤー,木,金属,植物繊維,紙,,,,1点,破損,,入り口右手前,旧水沢市民俗資料室,,寄贈,おだき（愛宕）文化財整理室,奥州市,2019年8月,合同会社AMANE,
ODK00583,レコード,紙,合成樹脂,,,,,,33点,破損,箱入り。一部紙あり。「さんさ時雨」、「大東亜決戦の歌」など。Victor、Columbiaなど。,入り口右手前,旧水沢市民俗資料室,,寄贈,おだき（愛宕）文化財整理室,奥州市,2019年8月,合同会社AMANE,
ODK00584,レコード,紙,合成樹脂,,,,,,33点,破損,箱入り。一部紙あり。「ばらのタンゴ」、「自由の朝」など。Victor、Columbiaなど。,入り口右手前,旧水沢市民俗資料室,,寄贈,おだき（愛宕）文化財整理室,奥州市,2019年8月,合同会社AMANE,
ODK00585,オルガン,木,合成樹脂,金属,,,,,1点,破損,足踏み式,入り口右手前,旧水沢市民俗資料室,,寄贈,おだき（愛宕）文化財整理室,奥州市,2019年8月,合同会社AMANE,
ODK00586,オルガン,木,合成樹脂,金属,植物繊維,,,,1点,,足踏み式、音出る。彫った落書きあり,入り口右手前,旧水沢市民俗資料室,,寄贈,おだき（愛宕）文化財整理室,奥州市,2019年8月,合同会社AMANE,